"FIPS","GeoLevel","NAME","Qualified Area Name","Area (Land)","Area (Water)","Median Household Income (In 2024 Inflation Adjusted Dollars)"
Geo__geoid_,Geo__geo_level_,Geo_NAME,Geo_qname,Geo_AREALAND,Geo_AREAWATER,SE_A14006_001
"0600135","SL160","Acalanes Ridge CDP, California","Acalanes Ridge CDP, California",1193569,0,181094
"0600156","SL160","Acampo CDP, California","Acampo CDP, California",2428474,0,
"0600212","SL160","Acton CDP, California","Acton CDP, California",101679451,60418,113000
"0600296","SL160","Adelanto city, California","Adelanto city, California",136923866,41151,68685
"0600310","SL160","Adin CDP, California","Adin CDP, California",7587701,15858,29375
"0600394","SL160","Agoura Hills city, California","Agoura Hills city, California",20189517,55687,171302
"0600450","SL160","Agua Dulce CDP, California","Agua Dulce CDP, California",59181047,14646,146107
"0600464","SL160","Aguanga CDP, California","Aguanga CDP, California",35222110,0,79808
"0600478","SL160","Ahwahnee CDP, California","Ahwahnee CDP, California",29896182,0,77391
"0600535","SL160","Airport CDP, California","Airport CDP, California",451729,0,32159
"0600562","SL160","Alameda city, California","Alameda city, California",27061952,32453610,137697
"0600618","SL160","Alamo CDP, California","Alamo CDP, California",25422415,0,250001
"0600674","SL160","Albany city, California","Albany city, California",4636032,9521771,144107
"0600716","SL160","Albion CDP, California","Albion CDP, California",4701873,96897,
"0600786","SL160","Alderpoint CDP, California","Alderpoint CDP, California",6288254,0,
"0600884","SL160","Alhambra city, California","Alhambra city, California",19764463,1730,88024
"0600898","SL160","Alhambra Valley CDP, California","Alhambra Valley CDP, California",4181518,0,206063
"0600947","SL160","Aliso Viejo city, California","Aliso Viejo city, California",17937313,0,142439
"0600982","SL160","Alleghany CDP, California","Alleghany CDP, California",904298,0,
"0600996","SL160","Allendale CDP, California","Allendale CDP, California",15892908,164542,107679
"0601010","SL160","Allensworth CDP, California","Allensworth CDP, California",8035085,0,55714
"0601094","SL160","Almanor CDP, California","Almanor CDP, California",2287751,0,
"0601150","SL160","Alondra Park CDP, California","Alondra Park CDP, California",2861316,93791,87169
"0601164","SL160","Alpaugh CDP, California","Alpaugh CDP, California",1082836,0,37000
"0601192","SL160","Alpine CDP, California","Alpine CDP, California",69374324,1475,108660
"0601228","SL160","Alpine Village CDP, California","Alpine Village CDP, California",10569744,0,78750
"0601276","SL160","Alta CDP, California","Alta CDP, California",6173301,17423,96792
"0601290","SL160","Altadena CDP, California","Altadena CDP, California",21925894,40734,128720
"0601358","SL160","Alta Sierra CDP (Kern County), California","Alta Sierra CDP (Kern County), California",2631092,1178,
"0601360","SL160","Alta Sierra CDP (Nevada County), California","Alta Sierra CDP (Nevada County), California",21551268,53117,105603
"0601416","SL160","Alto CDP, California","Alto CDP, California",325686,0,129191
"0601444","SL160","Alturas city, California","Alturas city, California",7345639,46987,59896
"0601458","SL160","Alum Rock CDP, California","Alum Rock CDP, California",2250531,0,126705
"0601514","SL160","Amador City city, California","Amador City city, California",801747,0,107917
"0601518","SL160","Amador Pines CDP, California","Amador Pines CDP, California",12561595,0,83958
"0601640","SL160","American Canyon city, California","American Canyon city, California",15763118,102525,121700
"0601651","SL160","Amesti CDP, California","Amesti CDP, California",7612130,166652,108833
"0602000","SL160","Anaheim city, California","Anaheim city, California",130206498,1567025,95227
"0602028","SL160","Anchor Bay CDP, California","Anchor Bay CDP, California",9097805,0,88194
"0602042","SL160","Anderson city, California","Anderson city, California",18210820,466513,47375
"0602112","SL160","Angels city, California","Angels city, California",9407811,12740,62188
"0602168","SL160","Angwin CDP, California","Angwin CDP, California",12507052,108688,117500
"0602210","SL160","Antelope CDP, California","Antelope CDP, California",17705728,0,99067
"0602252","SL160","Antioch city, California","Antioch city, California",75552859,1995937,97465
"0602294","SL160","Anza CDP, California","Anza CDP, California",71470883,212166,83558
"0602364","SL160","Apple Valley town, California","Apple Valley town, California",199444691,182413,69882
"0602378","SL160","Aptos CDP, California","Aptos CDP, California",17037116,0,134048
"0602382","SL160","Aptos Hills-Larkin Valley CDP, California","Aptos Hills-Larkin Valley CDP, California",23984497,85462,158788
"0602420","SL160","Arbuckle CDP, California","Arbuckle CDP, California",4559938,0,86942
"0602462","SL160","Arcadia city, California","Arcadia city, California",28300749,540015,113516
"0602476","SL160","Arcata city, California","Arcata city, California",24399923,5229392,46713
"0602553","SL160","Arden-Arcade CDP, California","Arden-Arcade CDP, California",41184189,588891,77321
"0602700","SL160","Armona CDP, California","Armona CDP, California",5317203,0,64276
"0602770","SL160","Arnold CDP, California","Arnold CDP, California",23482385,168745,92467
"0602812","SL160","Aromas CDP, California","Aromas CDP, California",12263807,27254,148438
"0602868","SL160","Arroyo Grande city, California","Arroyo Grande city, California",15382200,0,102553
"0602896","SL160","Artesia city, California","Artesia city, California",4196986,0,101004
"0602910","SL160","Artois CDP, California","Artois CDP, California",7458262,0,152719
"0602924","SL160","Arvin city, California","Arvin city, California",12482061,0,49183
"0602980","SL160","Ashland CDP, California","Ashland CDP, California",4772238,0,81702
"0603026","SL160","Aspen Springs CDP, California","Aspen Springs CDP, California",9287926,1964,131673
"0603064","SL160","Atascadero city, California","Atascadero city, California",67524871,161112,91429
"0603092","SL160","Atherton town, California","Atherton town, California",12991701,82320,250001
"0603162","SL160","Atwater city, California","Atwater city, California",17008587,11735,64472
"0603190","SL160","Auberry CDP, California","Auberry CDP, California",120251753,1032543,78512
"0603204","SL160","Auburn city, California","Auburn city, California",18588528,71271,82674
"0603205","SL160","Auburn Lake Trails CDP, California","Auburn Lake Trails CDP, California",32963739,56719,134007
"0603209","SL160","August CDP, California","August CDP, California",3252575,0,53173
"0603274","SL160","Avalon city, California","Avalon city, California",7473920,12351270,105139
"0603302","SL160","Avenal city, California","Avenal city, California",50459974,0,54741
"0603316","SL160","Avery CDP, California","Avery CDP, California",5449102,47866,47056
"0603330","SL160","Avila Beach CDP, California","Avila Beach CDP, California",15766061,575455,218259
"0603344","SL160","Avocado Heights CDP, California","Avocado Heights CDP, California",5829186,6069,92155
"0603386","SL160","Azusa city, California","Azusa city, California",25022011,32168,90721
"0603512","SL160","Baker CDP, California","Baker CDP, California",6961528,0,
"0603526","SL160","Bakersfield city, California","Bakersfield city, California",387916575,3792006,80540
"0603546","SL160","Bakersfield Country Club CDP, California","Bakersfield Country Club CDP, California",1963093,0,102266
"0603666","SL160","Baldwin Park city, California","Baldwin Park city, California",17176937,400379,80663
"0603694","SL160","Ballard CDP, California","Ballard CDP, California",7236936,13445,140833
"0603708","SL160","Ballico CDP, California","Ballico CDP, California",7828206,0,171875
"0603792","SL160","Bangor CDP, California","Bangor CDP, California",34765044,0,120347
"0603820","SL160","Banning city, California","Banning city, California",60183802,0,61764
"0604030","SL160","Barstow city, California","Barstow city, California",106964252,112301,53380
"0604198","SL160","Bass Lake CDP, California","Bass Lake CDP, California",4874800,1570518,133964
"0604415","SL160","Bay Point CDP, California","Bay Point CDP, California",16643645,2637541,82565
"0604470","SL160","Bayview CDP (Contra Costa County), California","Bayview CDP (Contra Costa County), California",789227,209670,162537
"0604478","SL160","Bayview CDP (Humboldt County), California","Bayview CDP (Humboldt County), California",1895402,0,48406
"0604549","SL160","Baywood Park CDP, California","Baywood Park CDP, California",1421591,0,217206
"0604576","SL160","Beale AFB CDP, California","Beale AFB CDP, California",26139571,25614,70061
"0604632","SL160","Bear Creek CDP, California","Bear Creek CDP, California",148411,0,153088
"0604716","SL160","Bear Valley CDP (Alpine County), California","Bear Valley CDP (Alpine County), California",13352822,56384,
"0604730","SL160","Bear Valley CDP (Mariposa County), California","Bear Valley CDP (Mariposa County), California",6318984,3006,
"0604734","SL160","Bear Valley Springs CDP, California","Bear Valley Springs CDP, California",100685639,173880,120481
"0604758","SL160","Beaumont city, California","Beaumont city, California",78521803,35531,107118
"0604772","SL160","Beckwourth CDP, California","Beckwourth CDP, California",30257790,13194,
"0604856","SL160","Belden CDP, California","Belden CDP, California",1578657,299647,
"0604870","SL160","Bell city, California","Bell city, California",6495837,307162,61020
"0604926","SL160","Bella Vista CDP, California","Bella Vista CDP, California",68485004,508710,90566
"0604938","SL160","Bell Canyon CDP, California","Bell Canyon CDP, California",9428673,0,250001
"0604982","SL160","Bellflower city, California","Bellflower city, California",15843604,130870,78722
"0604996","SL160","Bell Gardens city, California","Bell Gardens city, California",6368687,14400,62298
"0605108","SL160","Belmont city, California","Belmont city, California",11990538,23653,205297
"0605164","SL160","Belvedere city, California","Belvedere city, California",1345174,4888515,250001
"0605262","SL160","Benbow CDP, California","Benbow CDP, California",12641980,0,56667
"0605276","SL160","Bend CDP, California","Bend CDP, California",7548202,663196,
"0605290","SL160","Benicia city, California","Benicia city, California",33185400,3386032,121204
"0605332","SL160","Ben Lomond CDP, California","Ben Lomond CDP, California",21674901,0,130041
"0605346","SL160","Benton CDP, California","Benton CDP, California",73732744,52423,68027
"0605356","SL160","Benton Park CDP, California","Benton Park CDP, California",1942378,0,49717
"0606000","SL160","Berkeley city, California","Berkeley city, California",27018309,18712737,108092
"0606028","SL160","Bermuda Dunes CDP, California","Bermuda Dunes CDP, California",7633069,0,90818
"0606070","SL160","Berry Creek CDP, California","Berry Creek CDP, California",147940054,154403,45673
"0606150","SL160","Bertsch-Oceanview CDP, California","Bertsch-Oceanview CDP, California",13727497,708911,73173
"0606210","SL160","Bethel Island CDP, California","Bethel Island CDP, California",13599678,1468013,74972
"0606308","SL160","Beverly Hills city, California","Beverly Hills city, California",14783449,2279,132977
"0606336","SL160","Bieber CDP, California","Bieber CDP, California",8944480,148149,
"0606406","SL160","Big Bear City CDP, California","Big Bear City CDP, California",82917622,44975,71511
"0606434","SL160","Big Bear Lake city, California","Big Bear Lake city, California",16164304,474774,76250
"0606475","SL160","Big Bend CDP, California","Big Bend CDP, California",14852515,230960,26875
"0606518","SL160","Big Creek CDP, California","Big Creek CDP, California",1191495,0,
"0606560","SL160","Biggs city, California","Biggs city, California",2317099,0,84914
"0606567","SL160","Big Lagoon CDP, California","Big Lagoon CDP, California",1573136,0,57438
"0606616","SL160","Big Pine CDP, California","Big Pine CDP, California",7636605,4831,67583
"0606635","SL160","Big River CDP, California","Big River CDP, California",28050915,1344398,39773
"0606728","SL160","Biola CDP, California","Biola CDP, California",1675805,0,43185
"0606798","SL160","Bishop city, California","Bishop city, California",4827233,122068,83686
"0606928","SL160","Blackhawk CDP, California","Blackhawk CDP, California",14958249,31771,245208
"0606935","SL160","Blacklake CDP, California","Blacklake CDP, California",2707660,0,99417
"0606982","SL160","Black Point-Green Point CDP, California","Black Point-Green Point CDP, California",7322458,181453,168438
"0606994","SL160","Blairsden CDP, California","Blairsden CDP, California",1402709,0,
"0607036","SL160","Bloomfield CDP, California","Bloomfield CDP, California",21076160,17431,142422
"0607064","SL160","Bloomington CDP, California","Bloomington CDP, California",15726088,0,81640
"0607162","SL160","Blue Lake city, California","Blue Lake city, California",1537386,75886,53594
"0607172","SL160","Bluewater CDP, California","Bluewater CDP, California",2711814,766390,55500
"0607218","SL160","Blythe city, California","Blythe city, California",68849468,2027110,56625
"0607246","SL160","Bodega CDP, California","Bodega CDP, California",7515783,0,90625
"0607260","SL160","Bodega Bay CDP, California","Bodega Bay CDP, California",21612540,10823439,182898
"0607274","SL160","Bodfish CDP, California","Bodfish CDP, California",21273286,31784,39863
"0607316","SL160","Bolinas CDP, California","Bolinas CDP, California",15090532,0,100625
"0607372","SL160","Bombay Beach CDP, California","Bombay Beach CDP, California",1719105,0,
"0607378","SL160","Bonadelle Ranchos CDP, California","Bonadelle Ranchos CDP, California",23343618,0,132723
"0607414","SL160","Bonita CDP, California","Bonita CDP, California",12993682,359832,118674
"0607470","SL160","Bonny Doon CDP, California","Bonny Doon CDP, California",42898133,0,144813
"0607498","SL160","Bonsall CDP, California","Bonsall CDP, California",35286264,451966,113537
"0607512","SL160","Boonville CDP, California","Boonville CDP, California",14355353,0,42188
"0607525","SL160","Bootjack CDP, California","Bootjack CDP, California",9924991,80795,105000
"0607568","SL160","Boron CDP, California","Boron CDP, California",35516742,24136,53170
"0607578","SL160","Boronda CDP, California","Boronda CDP, California",1486322,0,63125
"0607596","SL160","Borrego Springs CDP, California","Borrego Springs CDP, California",112422778,0,86078
"0607624","SL160","Bostonia CDP, California","Bostonia CDP, California",4989175,0,78878
"0607652","SL160","Boulder Creek CDP, California","Boulder Creek CDP, California",19456234,0,84156
"0607694","SL160","Boulevard CDP, California","Boulevard CDP, California",10115840,0,78217
"0607750","SL160","Bowles CDP, California","Bowles CDP, California",985992,0,
"0607848","SL160","Boyes Hot Springs CDP, California","Boyes Hot Springs CDP, California",2746385,0,101288
"0607946","SL160","Bradbury city, California","Bradbury city, California",5084268,3236,171696
"0607974","SL160","Bradley CDP, California","Bradley CDP, California",222711,0,
"0608058","SL160","Brawley city, California","Brawley city, California",21024324,0,59311
"0608100","SL160","Brea city, California","Brea city, California",31513797,99672,131129
"0608142","SL160","Brentwood city, California","Brentwood city, California",38501266,0,142494
"0608172","SL160","Bret Harte CDP, California","Bret Harte CDP, California",1425057,0,52500
"0608240","SL160","Bridgeport CDP, California","Bridgeport CDP, California",56306218,21149,120850
"0608310","SL160","Brisbane city, California","Brisbane city, California",7731718,43981531,156169
"0608338","SL160","Broadmoor CDP, California","Broadmoor CDP, California",1118795,0,167396
"0608478","SL160","Brookdale CDP, California","Brookdale CDP, California",9963087,0,87358
"0608506","SL160","Brooks CDP, California","Brooks CDP, California",11146719,0,
"0608530","SL160","Brooktrails CDP, California","Brooktrails CDP, California",18835634,122096,116056
"0608680","SL160","Buckhorn CDP, California","Buckhorn CDP, California",12772523,0,90045
"0608716","SL160","Buck Meadows CDP, California","Buck Meadows CDP, California",1386273,0,
"0608744","SL160","Bucks Lake CDP, California","Bucks Lake CDP, California",26784856,21082,
"0608758","SL160","Buellton city, California","Buellton city, California",4097750,1684,99936
"0608786","SL160","Buena Park city, California","Buena Park city, California",27271037,65361,110550
"0608828","SL160","Buena Vista CDP, California","Buena Vista CDP, California",4370822,0,72031
"0608954","SL160","Burbank city, California","Burbank city, California",44848115,94723,97082
"0608968","SL160","Burbank CDP, California","Burbank CDP, California",1078043,0,134518
"0609066","SL160","Burlingame city, California","Burlingame city, California",11378104,4261690,174000
"0609122","SL160","Burney CDP, California","Burney CDP, California",13915869,12780,65969
"0609150","SL160","Burnt Ranch CDP, California","Burnt Ranch CDP, California",34655000,3143,49226
"0609310","SL160","Butte Creek Canyon CDP, California","Butte Creek Canyon CDP, California",53133631,68391,105819
"0609318","SL160","Butte Meadows CDP, California","Butte Meadows CDP, California",5554035,1292,
"0609324","SL160","Butte Valley CDP, California","Butte Valley CDP, California",47368451,29332,97934
"0609332","SL160","Buttonwillow CDP, California","Buttonwillow CDP, California",17941128,0,35086
"0609346","SL160","Byron CDP, California","Byron CDP, California",16889207,0,76424
"0609353","SL160","Bystrom CDP, California","Bystrom CDP, California",1408724,28574,49094
"0609360","SL160","Cabazon CDP, California","Cabazon CDP, California",12672881,0,48704
"0609598","SL160","Calabasas city, California","Calabasas city, California",35502601,90645,165288
"0609710","SL160","Calexico city, California","Calexico city, California",22324358,0,49783
"0609780","SL160","California City city, California","California City city, California",527349258,220795,60113
"0609822","SL160","California Hot Springs CDP, California","California Hot Springs CDP, California",2334885,0,
"0609834","SL160","California Pines CDP, California","California Pines CDP, California",19236734,366425,66328
"0609835","SL160","California Polytechnic State University CDP, California","California Polytechnic State University CDP, California",3986949,22384,
"0609864","SL160","Calimesa city, California","Calimesa city, California",38481124,0,87181
"0609878","SL160","Calipatria city, California","Calipatria city, California",9579219,0,53299
"0609892","SL160","Calistoga city, California","Calistoga city, California",6673845,46827,85446
"0609948","SL160","Callender CDP, California","Callender CDP, California",5921649,0,136346
"0609990","SL160","Calpella CDP, California","Calpella CDP, California",6598677,64954,86912
"0610004","SL160","Calpine CDP, California","Calpine CDP, California",1838557,5712,
"0610032","SL160","Calwa CDP, California","Calwa CDP, California",1470052,29829,65247
"0610042","SL160","Camanche North Shore CDP, California","Camanche North Shore CDP, California",6039084,0,78333
"0610044","SL160","Camanche Village CDP, California","Camanche Village CDP, California",14082639,39226,156250
"0610046","SL160","Camarillo city, California","Camarillo city, California",50986168,42884,113428
"0610074","SL160","Cambria CDP, California","Cambria CDP, California",21803724,0,99147
"0610088","SL160","Cambrian Park CDP, California","Cambrian Park CDP, California",1580255,0,192731
"0610256","SL160","Cameron Park CDP, California","Cameron Park CDP, California",29078546,186312,102289
"0610270","SL160","Camino CDP, California","Camino CDP, California",6659897,0,85341
"0610301","SL160","Camino Tassajara CDP, California","Camino Tassajara CDP, California",3305050,0,250001
"0610345","SL160","Campbell city, California","Campbell city, California",15748875,50285,145268
"0610494","SL160","Camp Nelson CDP, California","Camp Nelson CDP, California",3207672,0,
"0610508","SL160","Campo CDP, California","Campo CDP, California",60877895,16844,79327
"0610536","SL160","Campo Seco CDP, California","Campo Seco CDP, California",,,
"0610554","SL160","Camp Pendleton Mainside CDP, California","Camp Pendleton Mainside CDP, California",27834793,525021,61575
"0610561","SL160","Camp Pendleton South CDP, California","Camp Pendleton South CDP, California",17990420,1039205,69853
"0610676","SL160","Camptonville CDP, California","Camptonville CDP, California",2221241,0,53750
"0610732","SL160","Canby CDP, California","Canby CDP, California",5933540,76979,
"0610816","SL160","Cantua Creek CDP, California","Cantua Creek CDP, California",9832915,0,30703
"0610914","SL160","Canyondam CDP, California","Canyondam CDP, California",1985597,0,
"0610928","SL160","Canyon Lake city, California","Canyon Lake city, California",10150943,1917245,126926
"0611040","SL160","Capitola city, California","Capitola city, California",4129576,213680,102976
"0611166","SL160","Caribou CDP, California","Caribou CDP, California",419798,0,
"0611194","SL160","Carlsbad city, California","Carlsbad city, California",97832258,3378580,142748
"0611250","SL160","Carmel-by-the-Sea city, California","Carmel-by-the-Sea city, California",2748715,0,129250
"0611324","SL160","Carmel Valley Village CDP, California","Carmel Valley Village CDP, California",49166228,507112,156161
"0611376","SL160","Carmet CDP, California","Carmet CDP, California",742472,0,93833
"0611390","SL160","Carmichael CDP, California","Carmichael CDP, California",39714478,602793,85914
"0611418","SL160","Carnelian Bay CDP, California","Carnelian Bay CDP, California",3364143,516530,247791
"0611446","SL160","Carpinteria city, California","Carpinteria city, California",6704026,17313119,100658
"0611481","SL160","Carrick CDP, California","Carrick CDP, California",152301,0,
"0611530","SL160","Carson city, California","Carson city, California",48512253,612009,108703
"0611600","SL160","Cartago CDP, California","Cartago CDP, California",3028826,7192,80694
"0611614","SL160","Caruthers CDP, California","Caruthers CDP, California",5238364,0,88021
"0611656","SL160","Casa Conejo CDP, California","Casa Conejo CDP, California",1221471,0,147616
"0611691","SL160","Casa de Oro-Mount Helix CDP, California","Casa de Oro-Mount Helix CDP, California",17743954,0,125107
"0611696","SL160","Casa Loma CDP, California","Casa Loma CDP, California",1007621,0,43403
"0611754","SL160","Casmalia CDP, California","Casmalia CDP, California",433975,0,
"0611768","SL160","Caspar CDP, California","Caspar CDP, California",7748981,0,
"0611782","SL160","Cassel CDP, California","Cassel CDP, California",5246417,193675,
"0611796","SL160","Castaic CDP, California","Castaic CDP, California",18807882,44614,129863
"0611824","SL160","Castella CDP, California","Castella CDP, California",2898121,173038,49000
"0611915","SL160","Castle Hill CDP, California","Castle Hill CDP, California",1513889,0,250001
"0611964","SL160","Castro Valley CDP, California","Castro Valley CDP, California",43637185,571600,142779
"0611978","SL160","Castroville CDP, California","Castroville CDP, California",2646281,0,89354
"0612048","SL160","Cathedral City city, California","Cathedral City city, California",58259920,665524,73572
"0612062","SL160","Catheys Valley CDP, California","Catheys Valley CDP, California",61148098,148425,81302
"0612132","SL160","Cayucos CDP, California","Cayucos CDP, California",8028952,2418782,87235
"0612146","SL160","Cazadero CDP, California","Cazadero CDP, California",18431243,3546,96806
"0612216","SL160","Cedar Flat CDP, California","Cedar Flat CDP, California",2796525,378138,99153
"0612300","SL160","Cedar Ridge CDP, California","Cedar Ridge CDP, California",20223241,22466,82308
"0612314","SL160","Cedar Slope CDP, California","Cedar Slope CDP, California",746300,0,
"0612328","SL160","Cedarville CDP, California","Cedarville CDP, California",14095281,8675,52105
"0612412","SL160","Centerville CDP (Fresno County), California","Centerville CDP (Fresno County), California",21012392,0,167750
"0612415","SL160","Centerville CDP (Shasta County), California","Centerville CDP (Shasta County), California",20886426,105845,122500
"0612524","SL160","Ceres city, California","Ceres city, California",24601754,14310,79025
"0612552","SL160","Cerritos city, California","Cerritos city, California",22602740,338649,135439
"0612594","SL160","Chalfant CDP, California","Chalfant CDP, California",72616470,73304,83077
"0612612","SL160","Challenge-Brownsville CDP, California","Challenge-Brownsville CDP, California",25135642,0,
"0612669","SL160","Channel Islands Beach CDP, California","Channel Islands Beach CDP, California",1094556,580485,107380
"0612730","SL160","Charleston View CDP, California","Charleston View CDP, California",1949194,0,
"0612734","SL160","Charter Oak CDP, California","Charter Oak CDP, California",2402920,0,88393
"0612818","SL160","Cherokee CDP, California","Cherokee CDP, California",4533846,442052,70815
"0612860","SL160","Cherokee Strip CDP, California","Cherokee Strip CDP, California",234735,0,
"0612902","SL160","Cherryland CDP, California","Cherryland CDP, California",3090815,0,86418
"0612916","SL160","Cherry Valley CDP, California","Cherry Valley CDP, California",20772762,0,76895
"0612930","SL160","Chester CDP, California","Chester CDP, California",18874561,209672,47129
"0613014","SL160","Chico city, California","Chico city, California",88423543,445035,66977
"0613077","SL160","Chilcoot-Vinton CDP, California","Chilcoot-Vinton CDP, California",34207854,0,122764
"0613157","SL160","China Lake Acres CDP, California","China Lake Acres CDP, California",13491529,2579,68594
"0613182","SL160","Chinese Camp CDP, California","Chinese Camp CDP, California",2325639,6504,
"0613210","SL160","Chino city, California","Chino city, California",76677037,249662,104682
"0613214","SL160","Chino Hills city, California","Chino Hills city, California",115642342,123913,126334
"0613278","SL160","Choctaw Valley CDP, California","Choctaw Valley CDP, California",5885507,0,128646
"0613294","SL160","Chowchilla city, California","Chowchilla city, California",28713589,119504,66514
"0613364","SL160","Chualar CDP, California","Chualar CDP, California",1621710,0,59125
"0613392","SL160","Chula Vista city, California","Chula Vista city, California",128560729,6360807,108032
"0613560","SL160","Citrus CDP, California","Citrus CDP, California",2268957,3901,103465
"0613588","SL160","Citrus Heights city, California","Citrus Heights city, California",36820409,0,82314
"0613756","SL160","Claremont city, California","Claremont city, California",34537097,352454,125647
"0613784","SL160","Clarksburg CDP, California","Clarksburg CDP, California",5256094,0,
"0613854","SL160","Clay CDP, California","Clay CDP, California",17496807,0,102847
"0613882","SL160","Clayton city, California","Clayton city, California",9945279,0,175707
"0613910","SL160","Clear Creek CDP, California","Clear Creek CDP, California",2934098,19595,51278
"0613945","SL160","Clearlake city, California","Clearlake city, California",26235110,1167608,41867
"0613966","SL160","Clearlake Oaks CDP, California","Clearlake Oaks CDP, California",5123125,442546,35938
"0613985","SL160","Clearlake Riviera CDP, California","Clearlake Riviera CDP, California",13696201,4029,89395
"0614008","SL160","Cleone CDP, California","Cleone CDP, California",4126679,62762,53679
"0614106","SL160","Clio CDP, California","Clio CDP, California",1514932,0,
"0614148","SL160","Clipper Mills CDP, California","Clipper Mills CDP, California",4503147,0,
"0614190","SL160","Cloverdale city, California","Cloverdale city, California",8120471,0,117177
"0614218","SL160","Clovis city, California","Clovis city, California",65823951,309836,99241
"0614232","SL160","Clyde CDP, California","Clyde CDP, California",364483,0,134050
"0614260","SL160","Coachella city, California","Coachella city, California",77895736,0,68596
"0614274","SL160","Coalinga city, California","Coalinga city, California",17734580,79727,75451
"0614288","SL160","Coarsegold CDP, California","Coarsegold CDP, California",44620400,172119,80861
"0614302","SL160","Cobb CDP, California","Cobb CDP, California",12897761,22376,120250
"0614406","SL160","Coffee Creek CDP, California","Coffee Creek CDP, California",29833225,48535,76250
"0614442","SL160","Cohasset CDP, California","Cohasset CDP, California",64868861,0,79674
"0614450","SL160","Cold Springs CDP (El Dorado County), California","Cold Springs CDP (El Dorado County), California",2526035,0,73578
"0614454","SL160","Cold Springs CDP (Tuolumne County), California","Cold Springs CDP (Tuolumne County), California",4492222,0,
"0614484","SL160","Coleville CDP, California","Coleville CDP, California",49897132,0,46860
"0614498","SL160","Colfax city, California","Colfax city, California",3641506,0,72788
"0614554","SL160","College City CDP, California","College City CDP, California",7599771,0,67206
"0614708","SL160","Collierville CDP, California","Collierville CDP, California",17080884,25477,115704
"0614736","SL160","Colma town, California","Colma town, California",4896408,0,148295
"0614764","SL160","Coloma CDP, California","Coloma CDP, California",8689800,0,104543
"0614890","SL160","Colton city, California","Colton city, California",40273862,1320788,71208
"0614904","SL160","Columbia CDP, California","Columbia CDP, California",15439975,47252,58520
"0614946","SL160","Colusa city, California","Colusa city, California",8868061,0,71250
"0614974","SL160","Commerce city, California","Commerce city, California",16921570,3306,77064
"0615030","SL160","Comptche CDP, California","Comptche CDP, California",2987584,0,
"0615044","SL160","Compton city, California","Compton city, California",25974517,230555,78465
"0616000","SL160","Concord city, California","Concord city, California",79130630,0,108709
"0616035","SL160","Concow CDP, California","Concow CDP, California",70981496,968640,37000
"0616090","SL160","Contra Costa Centre CDP, California","Contra Costa Centre CDP, California",1649047,0,121313
"0616210","SL160","Copperopolis CDP, California","Copperopolis CDP, California",40377349,63065,108457
"0616224","SL160","Corcoran city, California","Corcoran city, California",19315216,0,59905
"0616322","SL160","Corning city, California","Corning city, California",9186897,0,56627
"0616350","SL160","Corona city, California","Corona city, California",103445845,53210,109242
"0616378","SL160","Coronado city, California","Coronado city, California",20215844,63957492,134534
"0616420","SL160","Coronita CDP, California","Coronita CDP, California",1559609,0,111932
"0616434","SL160","Corralitos CDP, California","Corralitos CDP, California",23273553,37138,171113
"0616462","SL160","Corte Madera town, California","Corte Madera town, California",8184887,3216812,232763
"0616532","SL160","Costa Mesa city, California","Costa Mesa city, California",40937896,24554,111505
"0616560","SL160","Cotati city, California","Cotati city, California",4854614,8380,110750
"0616580","SL160","Coto de Caza CDP, California","Coto de Caza CDP, California",20200732,60610,243816
"0616623","SL160","Cottonwood CDP (Kern County), California","Cottonwood CDP (Kern County), California",1199441,0,44247
"0616630","SL160","Cottonwood CDP (Shasta County), California","Cottonwood CDP (Shasta County), California",34251530,0,95577
"0616644","SL160","Coulterville CDP, California","Coulterville CDP, California",1007403,1813,
"0616651","SL160","Country Club CDP, California","Country Club CDP, California",4964750,438737,81464
"0616714","SL160","Courtland CDP, California","Courtland CDP, California",4662083,0,74433
"0616728","SL160","Covelo CDP, California","Covelo CDP, California",18377116,111658,34583
"0616742","SL160","Covina city, California","Covina city, California",18222856,32773,98671
"0616762","SL160","Cowan CDP, California","Cowan CDP, California",365090,0,
"0617022","SL160","Crescent City city, California","Crescent City city, California",5085115,1169624,35540
"0617050","SL160","Crescent Mills CDP, California","Crescent Mills CDP, California",10985561,0,
"0617078","SL160","Cressey CDP, California","Cressey CDP, California",4554487,0,90333
"0617106","SL160","Crest CDP, California","Crest CDP, California",16913607,0,110000
"0617162","SL160","Crestline CDP, California","Crestline CDP, California",36012359,308820,77786
"0617232","SL160","Creston CDP, California","Creston CDP, California",1460395,12359,
"0617267","SL160","C-Road CDP, California","C-Road CDP, California",6891297,0,
"0617274","SL160","Crockett CDP, California","Crockett CDP, California",2751227,0,110899
"0617288","SL160","Cromberg CDP, California","Cromberg CDP, California",23385108,0,
"0617372","SL160","Crowley Lake CDP, California","Crowley Lake CDP, California",7475668,6392,115476
"0617428","SL160","Crows Landing CDP, California","Crows Landing CDP, California",4282672,0,
"0617498","SL160","Cudahy city, California","Cudahy city, California",3046449,131179,56615
"0617568","SL160","Culver City city, California","Culver City city, California",13239286,71360,117389
"0617610","SL160","Cupertino city, California","Cupertino city, California",29338791,2520,234707
"0617708","SL160","Cutler CDP, California","Cutler CDP, California",3168966,0,59231
"0617722","SL160","Cutten CDP, California","Cutten CDP, California",3318362,0,97225
"0617727","SL160","Cuyama CDP, California","Cuyama CDP, California",1174244,11429,
"0617750","SL160","Cypress city, California","Cypress city, California",17127354,22003,130215
"0617876","SL160","Dales CDP, California","Dales CDP, California",1671161,21566,
"0617918","SL160","Daly City city, California","Daly City city, California",19783516,0,123547
"0617946","SL160","Dana Point city, California","Dana Point city, California",16804059,683445,141520
"0617988","SL160","Danville town, California","Danville town, California",46821256,0,232216
"0617995","SL160","Daphnedale Park CDP, California","Daphnedale Park CDP, California",2142441,4621,
"0618030","SL160","Darwin CDP, California","Darwin CDP, California",3484705,0,
"0618086","SL160","Davenport CDP, California","Davenport CDP, California",7367925,0,72171
"0618100","SL160","Davis city, California","Davis city, California",25826324,90331,90045
"0618153","SL160","Day Valley CDP, California","Day Valley CDP, California",47922346,0,155000
"0618324","SL160","Deer Park CDP, California","Deer Park CDP, California",14549696,9415,136615
"0618352","SL160","Del Aire CDP, California","Del Aire CDP, California",2611524,0,141533
"0618394","SL160","Delano city, California","Delano city, California",38114812,135325,67010
"0618422","SL160","Del Dios CDP, California","Del Dios CDP, California",1061683,0,
"0618450","SL160","Delft Colony CDP, California","Delft Colony CDP, California",344432,0,36798
"0618464","SL160","Delhi CDP, California","Delhi CDP, California",9092104,0,67500
"0618485","SL160","Delleker CDP, California","Delleker CDP, California",7164105,4955,53698
"0618506","SL160","Del Mar city, California","Del Mar city, California",4446743,141302,199152
"0618590","SL160","Del Monte Forest CDP, California","Del Monte Forest CDP, California",20787965,6766175,142763
"0618674","SL160","Del Rey CDP, California","Del Rey CDP, California",3456848,0,56544
"0618688","SL160","Del Rey Oaks city, California","Del Rey Oaks city, California",2730932,5204,134500
"0618695","SL160","Del Rio CDP, California","Del Rio CDP, California",5173472,136437,250001
"0618856","SL160","Denair CDP, California","Denair CDP, California",4253063,0,98750
"0618926","SL160","Derby Acres CDP, California","Derby Acres CDP, California",9274814,0,47000
"0618940","SL160","Descanso CDP, California","Descanso CDP, California",49613062,0,110132
"0618982","SL160","Desert Center CDP, California","Desert Center CDP, California",78799210,0,73393
"0618986","SL160","Desert Edge CDP, California","Desert Edge CDP, California",5872955,0,37429
"0618996","SL160","Desert Hot Springs city, California","Desert Hot Springs city, California",78402268,1005240,52761
"0619022","SL160","Desert Palms CDP, California","Desert Palms CDP, California",6917118,2271,79792
"0619024","SL160","Desert Shores CDP, California","Desert Shores CDP, California",1809312,294345,37212
"0619052","SL160","Desert View Highlands CDP, California","Desert View Highlands CDP, California",1142187,0,76094
"0619150","SL160","Diablo CDP, California","Diablo CDP, California",3531932,0,248150
"0619155","SL160","Diablo Grande CDP, California","Diablo Grande CDP, California",11132191,24652,128889
"0619192","SL160","Diamond Bar city, California","Diamond Bar city, California",38514313,13084,108281
"0619220","SL160","Diamond Springs CDP, California","Diamond Springs CDP, California",43097228,187916,77219
"0619248","SL160","Di Giorgio CDP, California","Di Giorgio CDP, California",221326,0,36250
"0619262","SL160","Dillon Beach CDP, California","Dillon Beach CDP, California",7727875,0,209536
"0619318","SL160","Dinuba city, California","Dinuba city, California",16859536,0,59484
"0619339","SL160","Discovery Bay CDP, California","Discovery Bay CDP, California",14482205,3514422,147117
"0619402","SL160","Dixon city, California","Dixon city, California",18389794,249127,102878
"0619406","SL160","Dixon Lane-MeadowCreek CDP, California","Dixon Lane-MeadowCreek CDP, California",8701384,0,75745
"0619416","SL160","Dobbins CDP, California","Dobbins CDP, California",20051346,187248,54386
"0619440","SL160","Dogtown CDP, California","Dogtown CDP, California",33584172,57248,127750
"0619455","SL160","Dollar Point CDP, California","Dollar Point CDP, California",4234923,544222,76774
"0619570","SL160","Dorrington CDP, California","Dorrington CDP, California",10600543,12551,209022
"0619584","SL160","Dorris city, California","Dorris city, California",1819374,40653,41563
"0619612","SL160","Dos Palos city, California","Dos Palos city, California",3494393,0,42367
"0619654","SL160","Dos Palos Y CDP, California","Dos Palos Y CDP, California",4054329,0,35368
"0619724","SL160","Douglas City CDP, California","Douglas City CDP, California",78799839,32384,31827
"0619738","SL160","Douglas Flat CDP, California","Douglas Flat CDP, California",,,128434
"0619766","SL160","Downey city, California","Downey city, California",32138031,415895,90699
"0619794","SL160","Downieville CDP, California","Downieville CDP, California",8237935,14330,
"0619878","SL160","Doyle CDP, California","Doyle CDP, California",15817150,1998,44881
"0619976","SL160","Drytown CDP, California","Drytown CDP, California",8432611,7631,250001
"0619990","SL160","Duarte city, California","Duarte city, California",17376396,0,105483
"0620018","SL160","Dublin city, California","Dublin city, California",39442773,0,214385
"0620032","SL160","Ducor CDP, California","Ducor CDP, California",1442359,0,73625
"0620228","SL160","Dunnigan CDP, California","Dunnigan CDP, California",13551020,0,29193
"0620242","SL160","Dunsmuir city, California","Dunsmuir city, California",4155427,91444,58281
"0620270","SL160","Durham CDP, California","Durham CDP, California",211567384,393109,95417
"0620284","SL160","Dustin Acres CDP, California","Dustin Acres CDP, California",9521683,0,87788
"0620298","SL160","Dutch Flat CDP, California","Dutch Flat CDP, California",1534848,0,96136
"0620424","SL160","Eagleville CDP, California","Eagleville CDP, California",2525306,0,81250
"0620438","SL160","Earlimart CDP, California","Earlimart CDP, California",7519390,0,52881
"0620515","SL160","East Bakersfield CDP, California","East Bakersfield CDP, California",2038622,0,38644
"0620574","SL160","Eastern Goleta Valley CDP, California","Eastern Goleta Valley CDP, California",42981068,755513,146284
"0620598","SL160","East Foothills CDP, California","East Foothills CDP, California",5512919,0,199375
"0620697","SL160","East Hemet CDP, California","East Hemet CDP, California",13454514,0,82096
"0620802","SL160","East Los Angeles CDP, California","East Los Angeles CDP, California",19303561,11013,68741
"0620900","SL160","East Nicolaus CDP, California","East Nicolaus CDP, California",11867921,0,
"0620903","SL160","East Niles CDP, California","East Niles CDP, California",14134961,0,55124
"0620907","SL160","East Oakdale CDP, California","East Oakdale CDP, California",13966924,386258,119844
"0620928","SL160","Easton CDP, California","Easton CDP, California",7799485,0,91042
"0620942","SL160","East Orosi CDP, California","East Orosi CDP, California",642248,0,
"0620956","SL160","East Palo Alto city, California","East Palo Alto city, California",6547354,298782,113493
"0620984","SL160","East Pasadena CDP, California","East Pasadena CDP, California",3411833,13187,109136
"0621012","SL160","East Porterville CDP, California","East Porterville CDP, California",5496322,0,41061
"0621026","SL160","East Quincy CDP, California","East Quincy CDP, California",31368457,0,70213
"0621034","SL160","East Rancho Dominguez CDP, California","East Rancho Dominguez CDP, California",2127127,0,72895
"0621061","SL160","East Richmond Heights CDP, California","East Richmond Heights CDP, California",1501846,0,134632
"0621096","SL160","East San Gabriel CDP, California","East San Gabriel CDP, California",5641695,35252,108677
"0621138","SL160","East Shore CDP, California","East Shore CDP, California",3063617,0,70263
"0621188","SL160","East Sonora CDP, California","East Sonora CDP, California",6334625,13419,77574
"0621210","SL160","East Tulare Villa CDP, California","East Tulare Villa CDP, California",731424,0,83235
"0621230","SL160","Eastvale city, California","Eastvale city, California",32823713,1143241,160069
"0621292","SL160","East Whittier CDP, California","East Whittier CDP, California",2823028,0,113750
"0621530","SL160","Edgewood CDP, California","Edgewood CDP, California",2656702,12263,
"0621544","SL160","Edison CDP, California","Edison CDP, California",2621330,0,
"0621558","SL160","Edmundson Acres CDP, California","Edmundson Acres CDP, California",172230,0,47500
"0621565","SL160","Edna CDP, California","Edna CDP, California",3158448,0,
"0621600","SL160","Edwards AFB CDP, California","Edwards AFB CDP, California",44377479,1729,91250
"0621691","SL160","El Adobe CDP, California","El Adobe CDP, California",2594445,0,51447
"0621712","SL160","El Cajon city, California","El Cajon city, California",37579662,0,67511
"0621782","SL160","El Centro city, California","El Centro city, California",30671756,45518,53082
"0621788","SL160","El Centro Naval Air Facility CDP, California","El Centro Naval Air Facility CDP, California",10855446,0,69063
"0621796","SL160","El Cerrito city, California","El Cerrito city, California",9509903,0,127876
"0621810","SL160","El Cerrito CDP, California","El Cerrito CDP, California",6760749,558502,108882
"0621880","SL160","El Dorado Hills CDP, California","El Dorado Hills CDP, California",125511003,6228621,165349
"0621894","SL160","Eldridge CDP, California","Eldridge CDP, California",1688641,0,121938
"0621916","SL160","Elfin Forest CDP, California","Elfin Forest CDP, California",5243843,0,170938
"0621936","SL160","El Granada CDP, California","El Granada CDP, California",12739545,639223,213347
"0621964","SL160","Elizabeth Lake CDP, California","Elizabeth Lake CDP, California",16066199,768664,120078
"0622006","SL160","Elk Creek CDP, California","Elk Creek CDP, California",3820501,81504,85313
"0622020","SL160","Elk Grove city, California","Elk Grove city, California",108760535,533192,125924
"0622034","SL160","Elkhorn CDP, California","Elkhorn CDP, California",12440882,58180,126964
"0622104","SL160","El Macero CDP, California","El Macero CDP, California",1520807,0,227500
"0622146","SL160","Elmira CDP, California","Elmira CDP, California",1374924,0,86349
"0622230","SL160","El Monte city, California","El Monte city, California",24752904,221652,68030
"0622235","SL160","El Monte Mobile Village CDP, California","El Monte Mobile Village CDP, California",18565,0,
"0622286","SL160","El Nido CDP, California","El Nido CDP, California",8525668,0,55486
"0622300","SL160","El Paso de Robles (Paso Robles) city, California","El Paso de Robles (Paso Robles) city, California",50894260,29864,92228
"0622328","SL160","El Portal CDP, California","El Portal CDP, California",4827205,118590,55847
"0622360","SL160","El Rancho CDP, California","El Rancho CDP, California",55904,0,
"0622370","SL160","El Rio CDP, California","El Rio CDP, California",5263067,0,72598
"0622412","SL160","El Segundo city, California","El Segundo city, California",14148731,13722008,150737
"0622454","SL160","El Sobrante CDP (Contra Costa County), California","El Sobrante CDP (Contra Costa County), California",8019027,0,114853
"0622457","SL160","El Sobrante CDP (Riverside County), California","El Sobrante CDP (Riverside County), California",18721710,0,165682
"0622510","SL160","El Verano CDP, California","El Verano CDP, California",2964283,0,123738
"0622524","SL160","Elverta CDP, California","Elverta CDP, California",22900221,0,91168
"0622587","SL160","Emerald Lake Hills CDP, California","Emerald Lake Hills CDP, California",3061995,17265,250001
"0622594","SL160","Emeryville city, California","Emeryville city, California",3297580,2499006,117092
"0622622","SL160","Empire CDP, California","Empire CDP, California",3026223,0,52563
"0622678","SL160","Encinitas city, California","Encinitas city, California",49353552,2854559,162229
"0622790","SL160","Escalon city, California","Escalon city, California",5899272,174504,81467
"0622804","SL160","Escondido city, California","Escondido city, California",96723121,276445,91967
"0622846","SL160","Esparto CDP, California","Esparto CDP, California",11916729,0,102986
"0622972","SL160","Etna city, California","Etna city, California",1967952,2444,49063
"0623000","SL160","Eucalyptus Hills CDP, California","Eucalyptus Hills CDP, California",12324306,38920,144140
"0623042","SL160","Eureka city, California","Eureka city, California",24698637,13130764,57662
"0623126","SL160","Exeter city, California","Exeter city, California",6373810,0,75769
"0623150","SL160","Fairbanks Ranch CDP, California","Fairbanks Ranch CDP, California",13195969,12376,250001
"0623158","SL160","Fairfax CDP, California","Fairfax CDP, California",2466696,0,30417
"0623168","SL160","Fairfax town, California","Fairfax town, California",5770768,0,141653
"0623182","SL160","Fairfield city, California","Fairfield city, California",107719392,738306,101895
"0623196","SL160","Fairhaven CDP, California","Fairhaven CDP, California",1682712,0,81328
"0623210","SL160","Fairmead CDP, California","Fairmead CDP, California",20018088,0,46680
"0623294","SL160","Fair Oaks CDP, California","Fair Oaks CDP, California",28169829,930992,116975
"0623350","SL160","Fairview CDP, California","Fairview CDP, California",7703024,61592,148667
"0623462","SL160","Fallbrook CDP, California","Fallbrook CDP, California",45429891,47337,96394
"0623532","SL160","Fall River Mills CDP, California","Fall River Mills CDP, California",6859381,269074,44276
"0623616","SL160","Farmersville city, California","Farmersville city, California",5701060,0,60804
"0623630","SL160","Farmington CDP, California","Farmington CDP, California",6583893,0,
"0623812","SL160","Fellows CDP, California","Fellows CDP, California",1801266,0,
"0623826","SL160","Felton CDP, California","Felton CDP, California",12017049,0,123056
"0623910","SL160","Ferndale city, California","Ferndale city, California",3105843,0,63142
"0623973","SL160","Fetters Hot Springs-Agua Caliente CDP, California","Fetters Hot Springs-Agua Caliente CDP, California",3783771,0,85694
"0623980","SL160","Fiddletown CDP, California","Fiddletown CDP, California",11797057,0,80893
"0624008","SL160","Fieldbrook CDP, California","Fieldbrook CDP, California",27111305,9982,85673
"0624022","SL160","Fields Landing CDP, California","Fields Landing CDP, California",716672,7676,78686
"0624092","SL160","Fillmore city, California","Fillmore city, California",8553766,0,92931
"0624134","SL160","Firebaugh city, California","Firebaugh city, California",9109031,143103,47734
"0624218","SL160","Fish Camp CDP, California","Fish Camp CDP, California",1036205,5626,
"0624477","SL160","Florence-Graham CDP, California","Florence-Graham CDP, California",9089172,0,65132
"0624498","SL160","Florin CDP, California","Florin CDP, California",22567765,0,71111
"0624526","SL160","Floriston CDP, California","Floriston CDP, California",2459249,0,
"0624568","SL160","Flournoy CDP, California","Flournoy CDP, California",15165230,0,86705
"0624638","SL160","Folsom city, California","Folsom city, California",72210787,5879392,139804
"0624680","SL160","Fontana city, California","Fontana city, California",111552124,0,102821
"0624722","SL160","Foothill Farms CDP, California","Foothill Farms CDP, California",10879066,0,68260
"0624750","SL160","Forbestown CDP, California","Forbestown CDP, California",16250437,15370,
"0624764","SL160","Ford City CDP, California","Ford City CDP, California",3974713,0,47214
"0624792","SL160","Foresta CDP, California","Foresta CDP, California",,,
"0624834","SL160","Foresthill CDP, California","Foresthill CDP, California",28969105,0,81111
"0624897","SL160","Forest Meadows CDP, California","Forest Meadows CDP, California",9749680,0,89044
"0624918","SL160","Forest Ranch CDP, California","Forest Ranch CDP, California",36089639,0,131650
"0624960","SL160","Forestville CDP, California","Forestville CDP, California",13615411,0,115962
"0625030","SL160","Fort Bidwell CDP, California","Fort Bidwell CDP, California",8299175,43567,
"0625058","SL160","Fort Bragg city, California","Fort Bragg city, California",7508182,86606,56481
"0625086","SL160","Fort Dick CDP, California","Fort Dick CDP, California",8331464,662,70610
"0625093","SL160","Fort Hunter Liggett CDP, California","Fort Hunter Liggett CDP, California",7198561,79767,
"0625114","SL160","Fort Irwin CDP, California","Fort Irwin CDP, California",18040432,0,76107
"0625128","SL160","Fort Jones city, California","Fort Jones city, California",1559876,0,47375
"0625296","SL160","Fortuna city, California","Fortuna city, California",13592673,4768,62289
"0625300","SL160","Fort Washington CDP, California","Fort Washington CDP, California",321161,0,118011
"0625338","SL160","Foster City city, California","Foster City city, California",9808766,41556867,199143
"0625380","SL160","Fountain Valley city, California","Fountain Valley city, California",23495176,33638,115237
"0625436","SL160","Fowler city, California","Fowler city, California",6557693,0,66983
"0625488","SL160","Franklin CDP (Merced County), California","Franklin CDP (Merced County), California",5245317,0,58295
"0625506","SL160","Franklin CDP (Sacramento County), California","Franklin CDP (Sacramento County), California",5454315,0,155691
"0625534","SL160","Frazier Park CDP, California","Frazier Park CDP, California",13509638,4209,47930
"0625576","SL160","Freedom CDP, California","Freedom CDP, California",2936119,0,93750
"0625590","SL160","Freeport CDP, California","Freeport CDP, California",131496,0,
"0626000","SL160","Fremont city, California","Fremont city, California",202832449,26274304,181506
"0626028","SL160","French Camp CDP, California","French Camp CDP, California",8013766,0,90893
"0626056","SL160","French Gulch CDP, California","French Gulch CDP, California",31940354,94840,34375
"0626067","SL160","French Valley CDP, California","French Valley CDP, California",28160802,15910,148520
"0627000","SL160","Fresno city, California","Fresno city, California",298304405,3127480,70991
"0627014","SL160","Friant CDP, California","Friant CDP, California",3239537,130737,80370
"0627080","SL160","Fruitdale CDP, California","Fruitdale CDP, California",691222,0,182889
"0627130","SL160","Fruitridge Pocket CDP, California","Fruitridge Pocket CDP, California",1532205,0,62528
"0627190","SL160","Fuller Acres CDP, California","Fuller Acres CDP, California",1953739,0,49861
"0628000","SL160","Fullerton city, California","Fullerton city, California",58065841,32825,104286
"0628014","SL160","Fulton CDP, California","Fulton CDP, California",5047023,0,183158
"0628021","SL160","Furnace Creek CDP, California","Furnace Creek CDP, California",81487361,0,47917
"0628112","SL160","Galt city, California","Galt city, California",18508749,34676,94393
"0628154","SL160","Garberville CDP, California","Garberville CDP, California",6940712,148102,39542
"0628168","SL160","Gardena city, California","Gardena city, California",15097437,93629,84803
"0628182","SL160","Garden Acres CDP, California","Garden Acres CDP, California",6693775,0,66474
"0628210","SL160","Garden Farms CDP, California","Garden Farms CDP, California",2831739,0,
"0629000","SL160","Garden Grove city, California","Garden Grove city, California",46506034,45894,92174
"0629070","SL160","Garey CDP, California","Garey CDP, California",3275825,9827,162679
"0629112","SL160","Garnet CDP, California","Garnet CDP, California",20419878,0,72694
"0629154","SL160","Gasquet CDP, California","Gasquet CDP, California",12318649,171875,48750
"0629252","SL160","Gazelle CDP, California","Gazelle CDP, California",1739436,1757,38438
"0629350","SL160","Georgetown CDP, California","Georgetown CDP, California",39182259,10741,91765
"0629392","SL160","Gerber CDP, California","Gerber CDP, California",2401403,0,35353
"0629420","SL160","Geyserville CDP, California","Geyserville CDP, California",11690104,0,125093
"0629504","SL160","Gilroy city, California","Gilroy city, California",42826753,26658,133107
"0629714","SL160","Glencoe CDP, California","Glencoe CDP, California",,,67625
"0630000","SL160","Glendale city, California","Glendale city, California",78940374,330542,88393
"0630014","SL160","Glendora city, California","Glendora city, California",50531742,400123,113569
"0630028","SL160","Glen Ellen CDP, California","Glen Ellen CDP, California",5438518,2744,202097
"0630126","SL160","Glennville CDP, California","Glennville CDP, California",4889260,0,
"0630282","SL160","Golden Hills CDP, California","Golden Hills CDP, California",28267176,44673,95669
"0630339","SL160","Gold Mountain CDP, California","Gold Mountain CDP, California",15767571,0,
"0630345","SL160","Gold River CDP, California","Gold River CDP, California",6884489,213093,175120
"0630378","SL160","Goleta city, California","Goleta city, California",20339515,187022,122370
"0630392","SL160","Gonzales city, California","Gonzales city, California",4955568,98218,77672
"0630410","SL160","Good Hope CDP, California","Good Hope CDP, California",29096582,0,56981
"0630412","SL160","Goodmanville CDP, California","Goodmanville CDP, California",1753841,0,154034
"0630420","SL160","Goodyears Bar CDP, California","Goodyears Bar CDP, California",5309072,43381,
"0630476","SL160","Goshen CDP, California","Goshen CDP, California",7292689,0,73125
"0630560","SL160","Graeagle CDP, California","Graeagle CDP, California",28666635,147558,
"0630658","SL160","Grand Terrace city, California","Grand Terrace city, California",9072646,0,83628
"0630686","SL160","Grangeville CDP, California","Grangeville CDP, California",1657009,0,165246
"0630693","SL160","Granite Bay CDP, California","Granite Bay CDP, California",55810220,111696,184606
"0630703","SL160","Granite Hills CDP, California","Granite Hills CDP, California",7233804,0,155820
"0630714","SL160","Graniteville CDP, California","Graniteville CDP, California",3853000,0,
"0630798","SL160","Grass Valley city, California","Grass Valley city, California",13594368,0,51764
"0630812","SL160","Graton CDP, California","Graton CDP, California",4090304,0,91429
"0630882","SL160","Grayson CDP, California","Grayson CDP, California",477325,0,81635
"0630900","SL160","Greeley Hill CDP, California","Greeley Hill CDP, California",61850758,119779,36771
"0630938","SL160","Greenacres CDP, California","Greenacres CDP, California",4934596,0,91528
"0630944","SL160","Green Acres CDP, California","Green Acres CDP, California",3626865,0,79855
"0630987","SL160","Greenfield CDP, California","Greenfield CDP, California",3448766,0,74185
"0630994","SL160","Greenfield city, California","Greenfield city, California",7548415,98210,84740
"0631029","SL160","Greenhorn CDP, California","Greenhorn CDP, California",17381404,0,71538
"0631092","SL160","Green Valley CDP (Los Angeles County), California","Green Valley CDP (Los Angeles County), California",33175008,497,87857
"0631099","SL160","Green Valley CDP (Solano County), California","Green Valley CDP (Solano County), California",21687664,3847,142000
"0631134","SL160","Greenview CDP, California","Greenview CDP, California",3354179,218772,70365
"0631162","SL160","Greenville CDP, California","Greenville CDP, California",20701558,0,
"0631246","SL160","Grenada CDP, California","Grenada CDP, California",1335962,3010,63571
"0631260","SL160","Gridley city, California","Gridley city, California",5404056,0,57974
"0631288","SL160","Grimes CDP, California","Grimes CDP, California",5856072,0,
"0631302","SL160","Grizzly Flats CDP, California","Grizzly Flats CDP, California",17168505,0,92004
"0631372","SL160","Groveland CDP, California","Groveland CDP, California",24795516,15061,49500
"0631393","SL160","Grover Beach city, California","Grover Beach city, California",5988133,11431,86458
"0631414","SL160","Guadalupe city, California","Guadalupe city, California",3394103,10948,66930
"0631470","SL160","Guerneville CDP, California","Guerneville CDP, California",25147194,440242,81281
"0631540","SL160","Guinda CDP, California","Guinda CDP, California",7578139,0,180515
"0631568","SL160","Gustine city, California","Gustine city, California",4017008,0,59532
"0631596","SL160","Hacienda Heights CDP, California","Hacienda Heights CDP, California",28884485,14534,109193
"0631708","SL160","Half Moon Bay city, California","Half Moon Bay city, California",16167307,27799,157884
"0631883","SL160","Hamilton Branch CDP, California","Hamilton Branch CDP, California",2811184,0,109118
"0631890","SL160","Hamilton City CDP, California","Hamilton City CDP, California",1060201,0,65833
"0631960","SL160","Hanford city, California","Hanford city, California",45073545,0,76461
"0632030","SL160","Happy Camp CDP, California","Happy Camp CDP, California",31357295,618829,41375
"0632036","SL160","Happy Valley CDP, California","Happy Valley CDP, California",43681146,297681,92222
"0632044","SL160","Harbison Canyon CDP, California","Harbison Canyon CDP, California",26085235,0,130302
"0632156","SL160","Hardwick CDP, California","Hardwick CDP, California",359343,0,
"0632212","SL160","Harmony Grove CDP, California","Harmony Grove CDP, California",7980769,0,227140
"0632324","SL160","Hartland CDP, California","Hartland CDP, California",599099,0,
"0632340","SL160","Hartley CDP, California","Hartley CDP, California",16763354,65391,124254
"0632385","SL160","Hasley Canyon CDP, California","Hasley Canyon CDP, California",14865474,3128,144712
"0632408","SL160","Hat Creek CDP, California","Hat Creek CDP, California",129532652,442608,
"0632436","SL160","Hathaway Pines CDP, California","Hathaway Pines CDP, California",,,50370
"0632506","SL160","Hawaiian Gardens city, California","Hawaiian Gardens city, California",2447289,30331,76341
"0632548","SL160","Hawthorne city, California","Hawthorne city, California",15766235,28948,75848
"0632562","SL160","Hayfork CDP, California","Hayfork CDP, California",186854161,58222,44434
"0633000","SL160","Hayward city, California","Hayward city, California",118669082,47415914,113318
"0633056","SL160","Healdsburg city, California","Healdsburg city, California",11448706,0,103554
"0633084","SL160","Heber CDP, California","Heber CDP, California",3718242,0,72028
"0633182","SL160","Hemet city, California","Hemet city, California",75840173,0,57719
"0633294","SL160","Herald CDP, California","Herald CDP, California",20406216,57778,93036
"0633308","SL160","Hercules city, California","Hercules city, California",16608748,35156475,129397
"0633336","SL160","Herlong CDP, California","Herlong CDP, California",4320220,0,56875
"0633364","SL160","Hermosa Beach city, California","Hermosa Beach city, California",3692737,12981384,166442
"0633434","SL160","Hesperia city, California","Hesperia city, California",188241904,251762,72160
"0633504","SL160","Hickman CDP, California","Hickman CDP, California",907866,0,76979
"0633518","SL160","Hidden Hills city, California","Hidden Hills city, California",4372993,0,250001
"0633532","SL160","Hidden Meadows CDP, California","Hidden Meadows CDP, California",17061107,0,123125
"0633549","SL160","Hidden Valley Lake CDP, California","Hidden Valley Lake CDP, California",25433860,374389,84152
"0633574","SL160","Highgrove CDP, California","Highgrove CDP, California",8337489,0,114125
"0633588","SL160","Highland city, California","Highland city, California",48099959,244008,77120
"0633632","SL160","Highlands CDP, California","Highlands CDP, California",3377283,0,250001
"0633689","SL160","Hillcrest CDP, California","Hillcrest CDP, California",3569985,0,46285
"0633798","SL160","Hillsborough town, California","Hillsborough town, California",15971441,0,250001
"0633861","SL160","Hilmar-Irwin CDP, California","Hilmar-Irwin CDP, California",10171003,0,79948
"0633935","SL160","Hiouchi CDP, California","Hiouchi CDP, California",1501797,0,32957
"0634120","SL160","Hollister city, California","Hollister city, California",20622323,0,111834
"0634246","SL160","Holtville city, California","Holtville city, California",2988033,11902,65039
"0634281","SL160","Home Garden CDP, California","Home Garden CDP, California",1144547,0,56384
"0634302","SL160","Home Gardens CDP, California","Home Gardens CDP, California",3910004,0,96342
"0634316","SL160","Homeland CDP, California","Homeland CDP, California",11058083,0,60404
"0634392","SL160","Homestead Valley CDP, California","Homestead Valley CDP, California",87686964,0,45323
"0634405","SL160","Homewood Canyon CDP, California","Homewood Canyon CDP, California",26546375,0,
"0634428","SL160","Honcut CDP, California","Honcut CDP, California",10970686,0,187742
"0634484","SL160","Hood CDP, California","Hood CDP, California",816263,0,
"0634540","SL160","Hoopa CDP, California","Hoopa CDP, California",52865786,2013972,64643
"0634652","SL160","Hopland CDP, California","Hopland CDP, California",9128964,124597,91786
"0634694","SL160","Hornbrook CDP, California","Hornbrook CDP, California",3017332,29395,32222
"0634708","SL160","Hornitos CDP, California","Hornitos CDP, California",2989557,0,
"0634904","SL160","Hughson city, California","Hughson city, California",4937411,0,91557
"0634928","SL160","Humboldt Hill CDP, California","Humboldt Hill CDP, California",10762229,37912,71667
"0636000","SL160","Huntington Beach city, California","Huntington Beach city, California",69922374,3455837,120919
"0636056","SL160","Huntington Park city, California","Huntington Park city, California",7790286,8354,59996
"0636084","SL160","Huron city, California","Huron city, California",4144982,0,52500
"0636098","SL160","Hyampom CDP, California","Hyampom CDP, California",52507399,0,
"0636126","SL160","Hydesville CDP, California","Hydesville CDP, California",19424163,0,96827
"0636135","SL160","Hypericum CDP, California","Hypericum CDP, California",80755,0,108250
"0636168","SL160","Idlewild CDP, California","Idlewild CDP, California",1189519,0,
"0636203","SL160","Idyllwild-Pine Cove CDP, California","Idyllwild-Pine Cove CDP, California",35541508,26090,73678
"0636252","SL160","Igo CDP, California","Igo CDP, California",2632527,1954,125063
"0636280","SL160","Imperial city, California","Imperial city, California",16292294,0,90195
"0636294","SL160","Imperial Beach city, California","Imperial Beach city, California",11112520,304504,86111
"0636350","SL160","Independence CDP, California","Independence CDP, California",12590232,7190,73850
"0636364","SL160","Indian Falls CDP, California","Indian Falls CDP, California",4770041,0,
"0636420","SL160","Indianola CDP, California","Indianola CDP, California",3656939,483,54716
"0636434","SL160","Indian Wells city, California","Indian Wells city, California",37085445,679921,162990
"0636448","SL160","Indio city, California","Indio city, California",86057050,20661,77167
"0636452","SL160","Indio Hills CDP, California","Indio Hills CDP, California",56620987,0,92266
"0636490","SL160","Industry city, California","Industry city, California",30508618,717495,59167
"0636546","SL160","Inglewood city, California","Inglewood city, California",23484484,63501,72750
"0636613","SL160","Interlaken CDP, California","Interlaken CDP, California",25391177,1021066,109150
"0636616","SL160","Inverness CDP, California","Inverness CDP, California",16575450,1130139,80176
"0636658","SL160","Inyokern CDP, California","Inyokern CDP, California",28301165,2685,
"0636672","SL160","Ione city, California","Ione city, California",11861672,118011,91495
"0636735","SL160","Iron Horse CDP, California","Iron Horse CDP, California",20055716,0,
"0636770","SL160","Irvine city, California","Irvine city, California",169930356,802010,136719
"0636826","SL160","Irwindale city, California","Irwindale city, California",22853908,2037701,114167
"0636868","SL160","Isla Vista CDP, California","Isla Vista CDP, California",1427676,113833,25972
"0636882","SL160","Isleton city, California","Isleton city, California",1138589,133509,53194
"0636910","SL160","Ivanhoe CDP, California","Ivanhoe CDP, California",3392302,0,52179
"0636980","SL160","Jackson city, California","Jackson city, California",9277425,0,70239
"0637022","SL160","Jacumba CDP, California","Jacumba CDP, California",15848184,18532,
"0637106","SL160","Jamestown CDP, California","Jamestown CDP, California",7776484,5375,57276
"0637120","SL160","Jamul CDP, California","Jamul CDP, California",43597950,0,152748
"0637134","SL160","Janesville CDP, California","Janesville CDP, California",87578550,50416,78466
"0637274","SL160","Jenner CDP, California","Jenner CDP, California",5463963,745264,
"0637400","SL160","Johannesburg CDP, California","Johannesburg CDP, California",6354495,0,
"0637442","SL160","Johnson Park CDP, California","Johnson Park CDP, California",2337519,0,46086
"0637484","SL160","Johnstonville CDP, California","Johnstonville CDP, California",22246440,108930,100132
"0637512","SL160","Johnsville CDP, California","Johnsville CDP, California",35638914,134828,
"0637533","SL160","Jones Valley CDP, California","Jones Valley CDP, California",16659447,14027,82083
"0637554","SL160","Joshua Tree CDP, California","Joshua Tree CDP, California",93463461,0,66291
"0637568","SL160","Jovista CDP, California","Jovista CDP, California",260300,0,
"0637582","SL160","Julian CDP, California","Julian CDP, California",20424527,0,77803
"0637596","SL160","Junction City CDP, California","Junction City CDP, California",68728396,87697,48250
"0637624","SL160","June Lake CDP, California","June Lake CDP, California",26694795,2048342,
"0637692","SL160","Jurupa Valley city, California","Jurupa Valley city, California",111216608,1914754,97550
"0637904","SL160","Keddie CDP, California","Keddie CDP, California",1702275,0,
"0637918","SL160","Keeler CDP, California","Keeler CDP, California",2987188,0,
"0637946","SL160","Keene CDP, California","Keene CDP, California",24459682,13903,
"0638024","SL160","Kelly Ridge CDP, California","Kelly Ridge CDP, California",5054047,0,54631
"0638044","SL160","Kelseyville CDP, California","Kelseyville CDP, California",7471626,15272,45663
"0638065","SL160","Kennedy CDP, California","Kennedy CDP, California",3139084,0,70213
"0638076","SL160","Kennedy Meadows CDP, California","Kennedy Meadows CDP, California",15080914,0,
"0638086","SL160","Kensington CDP, California","Kensington CDP, California",2495981,23043,237130
"0638114","SL160","Kentfield CDP, California","Kentfield CDP, California",7839024,49346,249896
"0638156","SL160","Kenwood CDP, California","Kenwood CDP, California",13381900,0,99526
"0638177","SL160","Kep'el CDP, California","Kep'el CDP, California",9442634,0,
"0638226","SL160","Kerman city, California","Kerman city, California",8462064,0,59799
"0638310","SL160","Kernville CDP, California","Kernville CDP, California",32727820,797180,49883
"0638352","SL160","Keswick CDP, California","Keswick CDP, California",8747810,325828,71442
"0638394","SL160","Kettleman City CDP, California","Kettleman City CDP, California",546646,0,47743
"0638422","SL160","Keyes CDP, California","Keyes CDP, California",4060586,0,64524
"0638520","SL160","King City city, California","King City city, California",9833874,342510,66761
"0638548","SL160","Kings Beach CDP, California","Kings Beach CDP, California",7403909,301151,68153
"0638562","SL160","Kingsburg city, California","Kingsburg city, California",9627176,0,76913
"0638604","SL160","Kingvale CDP, California","Kingvale CDP, California",2490334,22032,
"0638646","SL160","Kirkwood CDP, California","Kirkwood CDP, California",11290203,2525431,
"0638702","SL160","Klamath CDP, California","Klamath CDP, California",44592620,0,46979
"0638772","SL160","Knightsen CDP, California","Knightsen CDP, California",21645449,232033,177232
"0638786","SL160","Knights Ferry CDP, California","Knights Ferry CDP, California",414507,26505,
"0638800","SL160","Knights Landing CDP, California","Knights Landing CDP, California",1399445,0,49458
"0639003","SL160","La CaÃÂÃÂÃÂÃÂÃÂÃÂÃÂÃÂ±ada Flintridge city, California","La CaÃÂÃÂÃÂÃÂÃÂÃÂÃÂÃÂ±ada Flintridge city, California",22349007,42498,241875
"0639045","SL160","La Crescenta-Montrose CDP, California","La Crescenta-Montrose CDP, California",8878978,28793,130000
"0639052","SL160","La Cresta CDP, California","La Cresta CDP, California",2710186,0,49605
"0639094","SL160","Ladera CDP, California","Ladera CDP, California",1113098,0,235750
"0639108","SL160","Ladera Heights CDP, California","Ladera Heights CDP, California",7679969,276,167065
"0639114","SL160","Ladera Ranch CDP, California","Ladera Ranch CDP, California",12807936,0,184458
"0639122","SL160","Lafayette city, California","Lafayette city, California",38912815,431202,228250
"0639164","SL160","La Grange CDP, California","La Grange CDP, California",241845,0,23594
"0639178","SL160","Laguna Beach city, California","Laguna Beach city, California",23036582,2512751,143843
"0639220","SL160","Laguna Hills city, California","Laguna Hills city, California",16960505,63580,128851
"0639248","SL160","Laguna Niguel city, California","Laguna Niguel city, California",38165702,133550,140452
"0639259","SL160","Laguna Woods city, California","Laguna Woods city, California",8655358,2375,59269
"0639283","SL160","Lagunitas-Forest Knolls CDP, California","Lagunitas-Forest Knolls CDP, California",10998147,0,130682
"0639290","SL160","La Habra city, California","La Habra city, California",19577662,15869,100106
"0639304","SL160","La Habra Heights city, California","La Habra Heights city, California",15951225,4740,179583
"0639318","SL160","La Honda CDP, California","La Honda CDP, California",11022981,20735,250001
"0639411","SL160","Lake Almanor Country Club CDP, California","Lake Almanor Country Club CDP, California",7104822,0,80917
"0639420","SL160","Lake Almanor Peninsula CDP, California","Lake Almanor Peninsula CDP, California",7863269,0,66458
"0639425","SL160","Lake Almanor West CDP, California","Lake Almanor West CDP, California",5920415,0,184286
"0639444","SL160","Lake Arrowhead CDP, California","Lake Arrowhead CDP, California",45786322,3169654,95236
"0639460","SL160","Lake California CDP, California","Lake California CDP, California",16346691,862108,92051
"0639472","SL160","Lake City CDP, California","Lake City CDP, California",15065516,6524,
"0639483","SL160","Lake Davis CDP, California","Lake Davis CDP, California",14080604,11652,
"0639484","SL160","Lake Don Pedro CDP, California","Lake Don Pedro CDP, California",47708999,3331031,85104
"0639486","SL160","Lake Elsinore city, California","Lake Elsinore city, California",99033141,13666891,101888
"0639496","SL160","Lake Forest city, California","Lake Forest city, California",43288926,202929,135175
"0639514","SL160","Lakehead CDP, California","Lakehead CDP, California",12160323,1511480,56563
"0639556","SL160","Lake Hughes CDP, California","Lake Hughes CDP, California",27494868,166305,113516
"0639570","SL160","Lake Isabella CDP, California","Lake Isabella CDP, California",56239883,1098346,26661
"0639598","SL160","Lakeland Village CDP, California","Lakeland Village CDP, California",22727469,685541,85748
"0639612","SL160","Lake Los Angeles CDP, California","Lake Los Angeles CDP, California",25229336,125676,61467
"0639645","SL160","Lake Mathews CDP, California","Lake Mathews CDP, California",41251878,0,94444
"0639670","SL160","Lake Nacimiento CDP, California","Lake Nacimiento CDP, California",27172014,60669,91615
"0639690","SL160","Lake of the Pines CDP, California","Lake of the Pines CDP, California",6544587,908432,121682
"0639696","SL160","Lake of the Woods CDP, California","Lake of the Woods CDP, California",9166577,1509,66036
"0639710","SL160","Lakeport city, California","Lakeport city, California",7920508,363747,68518
"0639715","SL160","Lake Riverside CDP, California","Lake Riverside CDP, California",18888592,216496,128636
"0639724","SL160","Lake San Marcos CDP, California","Lake San Marcos CDP, California",4420806,266467,89851
"0639728","SL160","Lake Shastina CDP, California","Lake Shastina CDP, California",10393370,2563420,80542
"0639735","SL160","Lake Sherwood CDP, California","Lake Sherwood CDP, California",8125833,547804,234020
"0639759","SL160","Lakeside CDP (Kern County), California","Lakeside CDP (Kern County), California",4674201,0,55759
"0639766","SL160","Lakeside CDP (San Diego County), California","Lakeside CDP (San Diego County), California",17944759,894360,96447
"0639836","SL160","Lakeview CDP, California","Lakeview CDP, California",8442803,0,59375
"0639885","SL160","Lake Wildwood CDP, California","Lake Wildwood CDP, California",7920376,1172452,85771
"0639892","SL160","Lakewood city, California","Lakewood city, California",24349964,133080,119177
"0640004","SL160","La Mesa city, California","La Mesa city, California",23546769,12381,95028
"0640032","SL160","La Mirada city, California","La Mirada city, California",20257551,44465,109288
"0640088","SL160","Lamont CDP, California","Lamont CDP, California",12391220,92463,37217
"0640116","SL160","Lanare CDP, California","Lanare CDP, California",5232743,0,71429
"0640130","SL160","Lancaster city, California","Lancaster city, California",244160144,651713,81511
"0640256","SL160","La Palma city, California","La Palma city, California",4611657,61544,117989
"0640312","SL160","La Porte CDP, California","La Porte CDP, California",11543765,0,
"0640326","SL160","La Presa CDP, California","La Presa CDP, California",14238420,1349731,93479
"0640340","SL160","La Puente city, California","La Puente city, California",9009768,1746,86602
"0640354","SL160","La Quinta city, California","La Quinta city, California",91317864,1101656,99250
"0640410","SL160","La Riviera CDP, California","La Riviera CDP, California",4920394,368987,97975
"0640426","SL160","Larkfield-Wikiup CDP, California","Larkfield-Wikiup CDP, California",13747228,0,97071
"0640438","SL160","Larkspur city, California","Larkspur city, California",7767799,566326,140417
"0640508","SL160","La Selva Beach CDP, California","La Selva Beach CDP, California",13718609,0,160833
"0640526","SL160","Las Flores CDP (Orange County), California","Las Flores CDP (Orange County), California",6606354,0,211782
"0640536","SL160","Las Flores CDP (Tehama County), California","Las Flores CDP (Tehama County), California",926091,0,50543
"0640592","SL160","Las Lomas CDP, California","Las Lomas CDP, California",2685684,0,86775
"0640704","SL160","Lathrop city, California","Lathrop city, California",51349617,3058352,126421
"0640746","SL160","Laton CDP, California","Laton CDP, California",6545990,0,77647
"0640830","SL160","La Verne city, California","La Verne city, California",21812274,288109,103761
"0640872","SL160","La Vina CDP, California","La Vina CDP, California",260865,0,22745
"0640886","SL160","Lawndale city, California","Lawndale city, California",5107874,0,85441
"0640928","SL160","Laytonville CDP, California","Laytonville CDP, California",13908641,163478,37656
"0640956","SL160","Lebec CDP, California","Lebec CDP, California",39689131,760,
"0640998","SL160","Lee Vining CDP, California","Lee Vining CDP, California",13483686,6196,134120
"0641026","SL160","Leggett CDP, California","Leggett CDP, California",7003204,0,
"0641040","SL160","Le Grand CDP, California","Le Grand CDP, California",2953204,0,45938
"0641110","SL160","Lemon Cove CDP, California","Lemon Cove CDP, California",3457953,0,60476
"0641124","SL160","Lemon Grove city, California","Lemon Grove city, California",10045731,0,88009
"0641142","SL160","Lemon Hill CDP, California","Lemon Hill CDP, California",4247517,0,48762
"0641152","SL160","Lemoore city, California","Lemoore city, California",22828779,0,83724
"0641166","SL160","Lemoore Station CDP, California","Lemoore Station CDP, California",10965026,0,69243
"0641180","SL160","Lennox CDP, California","Lennox CDP, California",2831941,0,57759
"0641194","SL160","Lenwood CDP, California","Lenwood CDP, California",5389420,0,78958
"0641208","SL160","Leona Valley CDP, California","Leona Valley CDP, California",48155344,70714,131667
"0641278","SL160","Lewiston CDP, California","Lewiston CDP, California",51843522,0,39968
"0641282","SL160","Lexington Hills CDP, California","Lexington Hills CDP, California",12220701,88518,248750
"0641390","SL160","Likely CDP, California","Likely CDP, California",3441973,11716,
"0641474","SL160","Lincoln city, California","Lincoln city, California",62599874,110309,111990
"0641558","SL160","Lincoln Village CDP, California","Lincoln Village CDP, California",1903792,0,96230
"0641572","SL160","Linda CDP, California","Linda CDP, California",22236546,0,72776
"0641656","SL160","Lindcove CDP, California","Lindcove CDP, California",295046,0,55500
"0641670","SL160","Linden CDP, California","Linden CDP, California",19189037,134701,125532
"0641712","SL160","Lindsay city, California","Lindsay city, California",7055435,0,53201
"0641740","SL160","Linnell Camp CDP, California","Linnell Camp CDP, California",303368,0,29028
"0641782","SL160","Litchfield CDP, California","Litchfield CDP, California",10312458,0,
"0641789","SL160","Little Grass Valley CDP, California","Little Grass Valley CDP, California",25897822,0,
"0641866","SL160","Little River CDP, California","Little River CDP, California",4331558,0,
"0641880","SL160","Littlerock CDP, California","Littlerock CDP, California",4772931,3763,56792
"0641908","SL160","Little Valley CDP, California","Little Valley CDP, California",1076095,26795,39306
"0641922","SL160","Live Oak CDP, California","Live Oak CDP, California",8398178,0,103674
"0641936","SL160","Live Oak city, California","Live Oak city, California",8083317,0,73571
"0641992","SL160","Livermore city, California","Livermore city, California",68494311,9862,160775
"0642006","SL160","Livingston city, California","Livingston city, California",9518104,7397,74494
"0642104","SL160","Lockeford CDP, California","Lockeford CDP, California",21603060,120019,100294
"0642142","SL160","Lockwood CDP (Amador County), California","Lockwood CDP (Amador County), California",14082298,0,134764
"0642146","SL160","Lockwood CDP (Monterey County), California","Lockwood CDP (Monterey County), California",28157116,86923,
"0642202","SL160","Lodi city, California","Lodi city, California",35327014,581028,88530
"0642230","SL160","Lodoga CDP, California","Lodoga CDP, California",8772455,0,63333
"0642328","SL160","Loleta CDP, California","Loleta CDP, California",5500846,0,40086
"0642370","SL160","Loma Linda city, California","Loma Linda city, California",19786632,2371,82353
"0642384","SL160","Loma Mar CDP, California","Loma Mar CDP, California",4487609,0,250001
"0642412","SL160","Loma Rica CDP, California","Loma Rica CDP, California",47881271,0,97903
"0642468","SL160","Lomita city, California","Lomita city, California",4952726,0,93810
"0642510","SL160","Lompico CDP, California","Lompico CDP, California",8749690,315,91600
"0642524","SL160","Lompoc city, California","Lompoc city, California",30103861,201559,72004
"0642566","SL160","London CDP, California","London CDP, California",2115155,0,48750
"0642580","SL160","Lone Pine CDP, California","Lone Pine CDP, California",49299705,468049,43284
"0642622","SL160","Long Barn CDP, California","Long Barn CDP, California",7478480,3839,
"0643000","SL160","Long Beach city, California","Long Beach city, California",131345808,70260174,87430
"0643126","SL160","Lookout CDP, California","Lookout CDP, California",14152115,322967,140568
"0643140","SL160","Loomis town, California","Loomis town, California",18820030,0,81487
"0643224","SL160","Los Alamitos city, California","Los Alamitos city, California",10382990,161830,97155
"0643252","SL160","Los Alamos CDP, California","Los Alamos CDP, California",2341055,0,79167
"0643280","SL160","Los Altos city, California","Los Altos city, California",16938030,0,250001
"0643294","SL160","Los Altos Hills town, California","Los Altos Hills town, California",23385699,0,250001
"0644000","SL160","Los Angeles city, California","Los Angeles city, California",1215978552,83031312,81939
"0644028","SL160","Los Banos city, California","Los Banos city, California",25882590,320639,68171
"0644042","SL160","Los Berros CDP, California","Los Berros CDP, California",6507454,0,250001
"0644112","SL160","Los Gatos town, California","Los Gatos town, California",29914395,206446,217554
"0644140","SL160","Los Molinos CDP, California","Los Molinos CDP, California",5637052,80526,35000
"0644168","SL160","Los Olivos CDP, California","Los Olivos CDP, California",6778819,1039,143229
"0644182","SL160","Los Osos CDP, California","Los Osos CDP, California",33057047,52650,108932
"0644242","SL160","Los Ranchos CDP, California","Los Ranchos CDP, California",7482152,8695,121800
"0644280","SL160","Lost Hills CDP, California","Lost Hills CDP, California",14378327,30536,45976
"0644350","SL160","Lower Lake CDP, California","Lower Lake CDP, California",6906625,64423,31652
"0644364","SL160","Loyalton city, California","Loyalton city, California",920711,0,65556
"0644378","SL160","Loyola CDP, California","Loyola CDP, California",3600984,0,250001
"0644399","SL160","Lucas Valley-Marinwood CDP, California","Lucas Valley-Marinwood CDP, California",14843405,0,200761
"0644406","SL160","Lucerne CDP, California","Lucerne CDP, California",13916576,35489,56625
"0644420","SL160","Lucerne Valley CDP, California","Lucerne Valley CDP, California",273570981,0,54788
"0644574","SL160","Lynwood city, California","Lynwood city, California",12537268,0,74844
"0644644","SL160","Lytle Creek CDP, California","Lytle Creek CDP, California",15586138,0,86394
"0644672","SL160","Mabie CDP, California","Mabie CDP, California",9430660,0,
"0644700","SL160","McArthur CDP, California","McArthur CDP, California",2593485,78202,36554
"0644760","SL160","McClellan Park CDP, California","McClellan Park CDP, California",10536176,0,23750
"0644770","SL160","McClenney Tract CDP, California","McClenney Tract CDP, California",1595077,0,
"0644784","SL160","McCloud CDP, California","McCloud CDP, California",6273613,170633,48529
"0644812","SL160","Macdoel CDP, California","Macdoel CDP, California",432723,0,
"0644826","SL160","McFarland city, California","McFarland city, California",6934184,0,54608
"0644830","SL160","McGee Creek CDP, California","McGee Creek CDP, California",10384180,0,
"0644910","SL160","McKinleyville CDP, California","McKinleyville CDP, California",54083206,657148,73327
"0644924","SL160","McKittrick CDP, California","McKittrick CDP, California",6778294,0,87955
"0645006","SL160","McSwain CDP, California","McSwain CDP, California",15609041,0,139131
"0645008","SL160","Madeline CDP, California","Madeline CDP, California",137117,0,
"0645022","SL160","Madera city, California","Madera city, California",42668924,0,63933
"0645050","SL160","Madera Acres CDP, California","Madera Acres CDP, California",18858998,0,78457
"0645054","SL160","Madera Ranchos CDP, California","Madera Ranchos CDP, California",6747243,0,126583
"0645064","SL160","Madison CDP, California","Madison CDP, California",4004365,0,
"0645092","SL160","Mad River CDP, California","Mad River CDP, California",91131300,0,
"0645120","SL160","Magalia CDP, California","Magalia CDP, California",36313238,10648,56920
"0645232","SL160","Malaga CDP, California","Malaga CDP, California",709462,0,62663
"0645246","SL160","Malibu city, California","Malibu city, California",51403234,205274315,194421
"0645358","SL160","Mammoth Lakes town, California","Mammoth Lakes town, California",64402450,1139030,98056
"0645386","SL160","Manchester CDP, California","Manchester CDP, California",6780881,0,61154
"0645400","SL160","Manhattan Beach city, California","Manhattan Beach city, California",10189493,16389932,204306
"0645414","SL160","Manila CDP, California","Manila CDP, California",1805140,17823,53813
"0645484","SL160","Manteca city, California","Manteca city, California",55396449,61889,97055
"0645512","SL160","Manton CDP, California","Manton CDP, California",45833424,67403,120000
"0645680","SL160","March ARB CDP, California","March ARB CDP, California",30879362,36554,72411
"0645736","SL160","Maricopa city, California","Maricopa city, California",4054515,0,39120
"0645778","SL160","Marina city, California","Marina city, California",23070824,2333714,95955
"0645806","SL160","Marina del Rey CDP, California","Marina del Rey CDP, California",2221336,1546421,146623
"0645820","SL160","Marin City CDP, California","Marin City CDP, California",1390167,0,68846
"0645932","SL160","Mariposa CDP, California","Mariposa CDP, California",10455849,8859,40772
"0645988","SL160","Markleeville CDP, California","Markleeville CDP, California",16914713,0,
"0646100","SL160","Martell CDP, California","Martell CDP, California",5664199,2501,
"0646114","SL160","Martinez city, California","Martinez city, California",32712527,2599576,127355
"0646170","SL160","Marysville city, California","Marysville city, California",8971193,312457,56430
"0646223","SL160","Matheny CDP, California","Matheny CDP, California",1109244,0,67976
"0646226","SL160","Mather CDP, California","Mather CDP, California",25964878,64570,146023
"0646338","SL160","Maxwell CDP, California","Maxwell CDP, California",5569332,0,67768
"0646400","SL160","Mayfair CDP, California","Mayfair CDP, California",1342684,0,62191
"0646436","SL160","Mayflower Village CDP, California","Mayflower Village CDP, California",1777078,0,105242
"0646492","SL160","Maywood city, California","Maywood city, California",3034744,0,60943
"0646520","SL160","Meadowbrook CDP, California","Meadowbrook CDP, California",17396243,60335,56212
"0646618","SL160","Meadow Valley CDP, California","Meadow Valley CDP, California",22066143,0,61324
"0646632","SL160","Meadow Vista CDP, California","Meadow Vista CDP, California",13678314,402245,100859
"0646646","SL160","Mead Valley CDP, California","Mead Valley CDP, California",49415773,0,86795
"0646660","SL160","Mecca CDP, California","Mecca CDP, California",18023371,0,48312
"0646702","SL160","Meiners Oaks CDP, California","Meiners Oaks CDP, California",6315365,0,70192
"0646814","SL160","Mendocino CDP, California","Mendocino CDP, California",5846594,2006861,80833
"0646828","SL160","Mendota city, California","Mendota city, California",8788277,8333,50342
"0646842","SL160","Menifee city, California","Menifee city, California",120369471,381612,93454
"0646870","SL160","Menlo Park city, California","Menlo Park city, California",25873981,19152744,210025
"0646884","SL160","Mentone CDP, California","Mentone CDP, California",15826124,30802,74708
"0646898","SL160","Merced city, California","Merced city, California",60228129,0,63122
"0646926","SL160","Meridian CDP, California","Meridian CDP, California",13713975,0,68333
"0647013","SL160","Mesa CDP, California","Mesa CDP, California",9072237,395419,123333
"0647066","SL160","Mesa Verde CDP, California","Mesa Verde CDP, California",11139877,0,51188
"0647086","SL160","Mesa Vista CDP, California","Mesa Vista CDP, California",12627546,0,118125
"0647164","SL160","Mettler CDP, California","Mettler CDP, California",602290,0,59028
"0647192","SL160","Mexican Colony CDP, California","Mexican Colony CDP, California",82312,0,54375
"0647206","SL160","Meyers CDP, California","Meyers CDP, California",6473356,36532,96354
"0647332","SL160","Middletown CDP, California","Middletown CDP, California",4776232,0,
"0647374","SL160","Midpines CDP, California","Midpines CDP, California",11289069,8983,
"0647430","SL160","Midway City CDP, California","Midway City CDP, California",1578759,0,66635
"0647472","SL160","Milford CDP, California","Milford CDP, California",13705685,14513,
"0647486","SL160","Millbrae city, California","Millbrae city, California",8465890,61644,163476
"0647592","SL160","Millerton CDP, California","Millerton CDP, California",5077394,0,207109
"0647710","SL160","Mill Valley city, California","Mill Valley city, California",12385974,218653,206212
"0647724","SL160","Millville CDP, California","Millville CDP, California",20839153,433331,141500
"0647766","SL160","Milpitas city, California","Milpitas city, California",34919473,99377,178798
"0647794","SL160","Mineral CDP, California","Mineral CDP, California",114744267,286834,
"0647822","SL160","Minkler CDP, California","Minkler CDP, California",15166528,0,66365
"0648046","SL160","Mira Monte CDP, California","Mira Monte CDP, California",12470598,44675,72879
"0648060","SL160","Miranda CDP, California","Miranda CDP, California",3868285,20675,39390
"0648147","SL160","Mission Canyon CDP, California","Mission Canyon CDP, California",4662212,77753,208466
"0648186","SL160","Mission Hills CDP, California","Mission Hills CDP, California",3130522,20596,111974
"0648256","SL160","Mission Viejo city, California","Mission Viejo city, California",45737612,959475,136123
"0648298","SL160","Mi-Wuk Village CDP, California","Mi-Wuk Village CDP, California",7343670,16842,91849
"0648354","SL160","Modesto city, California","Modesto city, California",111485793,4740717,79891
"0648410","SL160","Modjeska CDP, California","Modjeska CDP, California",5189981,0,156083
"0648448","SL160","Mohawk Vista CDP, California","Mohawk Vista CDP, California",30997962,0,
"0648452","SL160","Mojave CDP, California","Mojave CDP, California",151185016,207337,55660
"0648480","SL160","Mokelumne Hill CDP, California","Mokelumne Hill CDP, California",7974096,6904,88685
"0648592","SL160","Monmouth CDP, California","Monmouth CDP, California",797858,0,43906
"0648602","SL160","Mono City CDP, California","Mono City CDP, California",20298298,0,109265
"0648641","SL160","Mono Vista CDP, California","Mono Vista CDP, California",7319287,7275,85769
"0648648","SL160","Monrovia city, California","Monrovia city, California",35306568,282054,96021
"0648676","SL160","Monson CDP, California","Monson CDP, California",523997,0,63304
"0648690","SL160","Montague city, California","Montague city, California",4604513,39458,59750
"0648718","SL160","Montalvin Manor CDP, California","Montalvin Manor CDP, California",832519,0,79542
"0648760","SL160","Montara CDP, California","Montara CDP, California",10040503,0,233826
"0648788","SL160","Montclair city, California","Montclair city, California",14325101,0,77659
"0648816","SL160","Montebello city, California","Montebello city, California",21569294,104147,79971
"0648844","SL160","Montecito CDP, California","Montecito CDP, California",23768259,20675380,231005
"0648872","SL160","Monterey city, California","Monterey city, California",22390414,9365025,102846
"0648914","SL160","Monterey Park city, California","Monterey Park city, California",19870660,155185,81855
"0648916","SL160","Monterey Park Tract CDP, California","Monterey Park Tract CDP, California",122388,0,
"0648928","SL160","Monte Rio CDP, California","Monte Rio CDP, California",4934760,208218,63750
"0648956","SL160","Monte Sereno city, California","Monte Sereno city, California",4227643,0,250001
"0648998","SL160","Montgomery Creek CDP, California","Montgomery Creek CDP, California",8424206,124022,
"0649045","SL160","Monument Hills CDP, California","Monument Hills CDP, California",10328922,0,218333
"0649138","SL160","Moorpark city, California","Moorpark city, California",31796168,488806,148480
"0649180","SL160","Morada CDP, California","Morada CDP, California",7721138,18742,96896
"0649187","SL160","Moraga town, California","Moraga town, California",24504014,22901,216193
"0649270","SL160","Moreno Valley city, California","Moreno Valley city, California",132936988,547802,93222
"0649278","SL160","Morgan Hill city, California","Morgan Hill city, California",33509082,0,163920
"0649348","SL160","Morongo Valley CDP, California","Morongo Valley CDP, California",65317007,0,51949
"0649362","SL160","Morro Bay city, California","Morro Bay city, California",13796052,12945212,95843
"0649432","SL160","Moskowite Corner CDP, California","Moskowite Corner CDP, California",7338786,11878,145326
"0649446","SL160","Moss Beach CDP, California","Moss Beach CDP, California",5815200,0,99680
"0649488","SL160","Moss Landing CDP, California","Moss Landing CDP, California",1029920,531988,
"0649544","SL160","Mountain Center CDP, California","Mountain Center CDP, California",4880669,4439,46875
"0649558","SL160","Mountain Gate CDP, California","Mountain Gate CDP, California",5115620,0,
"0649582","SL160","Mountain House CDP, California","Mountain House CDP, California",11804529,0,177163
"0649592","SL160","Mountain Meadows CDP, California","Mountain Meadows CDP, California",10651128,19545,
"0649600","SL160","Mountain Mesa CDP, California","Mountain Mesa CDP, California",2246361,0,64531
"0649628","SL160","Mountain Ranch CDP, California","Mountain Ranch CDP, California",10127780,0,163120
"0649651","SL160","Mountain View CDP, California","Mountain View CDP, California",743924,0,94046
"0649670","SL160","Mountain View city, California","Mountain View city, California",30971479,719719,189917
"0649684","SL160","Mountain View Acres CDP, California","Mountain View Acres CDP, California",4114534,0,78793
"0649726","SL160","Mt. Bullion CDP, California","Mt. Bullion CDP, California",1580000,1730,
"0649768","SL160","Mount Hebron CDP, California","Mount Hebron CDP, California",1922181,0,
"0649796","SL160","Mount Hermon CDP, California","Mount Hermon CDP, California",1683560,0,157604
"0649810","SL160","Mount Laguna CDP, California","Mount Laguna CDP, California",4395332,0,55066
"0649852","SL160","Mount Shasta city, California","Mount Shasta city, California",9754373,9660,47917
"0649950","SL160","Muir Beach CDP, California","Muir Beach CDP, California",1276408,0,140227
"0650034","SL160","Murphys CDP, California","Murphys CDP, California",10955540,6287,73571
"0650076","SL160","Murrieta city, California","Murrieta city, California",87054765,93770,114081
"0650132","SL160","Muscoy CDP, California","Muscoy CDP, California",7876493,0,71458
"0650146","SL160","Myers Flat CDP, California","Myers Flat CDP, California",1119279,141837,
"0650188","SL160","Myrtletown CDP, California","Myrtletown CDP, California",5436579,212721,60457
"0650258","SL160","Napa city, California","Napa city, California",46740284,792174,105963
"0650398","SL160","National City city, California","National City city, California",18893263,4727544,66841
"0650734","SL160","Needles city, California","Needles city, California",79196616,1289442,38243
"0650874","SL160","Nevada City city, California","Nevada City city, California",5661517,9642,75792
"0650916","SL160","Newark city, California","Newark city, California",36051024,60526,169064
"0651000","SL160","Newcastle CDP, California","Newcastle CDP, California",6194986,11387,108750
"0651028","SL160","New Cuyama CDP, California","New Cuyama CDP, California",1637550,0,60759
"0651042","SL160","Newell CDP, California","Newell CDP, California",6233913,14912,36620
"0651140","SL160","Newman city, California","Newman city, California",5342856,0,78906
"0651168","SL160","New Pine Creek CDP, California","New Pine Creek CDP, California",5870148,0,
"0651182","SL160","Newport Beach city, California","Newport Beach city, California",61626136,75442104,156867
"0651280","SL160","Nicasio CDP, California","Nicasio CDP, California",3379839,0,250001
"0651294","SL160","Nice CDP, California","Nice CDP, California",4472124,12228,52014
"0651336","SL160","Nicolaus CDP, California","Nicolaus CDP, California",8108490,0,
"0651392","SL160","Niland CDP, California","Niland CDP, California",1040220,0,
"0651470","SL160","Nipinnawasee CDP, California","Nipinnawasee CDP, California",7990118,0,75495
"0651476","SL160","Nipomo CDP, California","Nipomo CDP, California",39044101,985,110022
"0651560","SL160","Norco city, California","Norco city, California",35887653,569467,127566
"0651574","SL160","Nord CDP, California","Nord CDP, California",5452534,0,69199
"0651622","SL160","Norris Canyon CDP, California","Norris Canyon CDP, California",9350215,0,250001
"0651637","SL160","North Auburn CDP, California","North Auburn CDP, California",20171681,7171,71056
"0651812","SL160","North Edwards CDP, California","North Edwards CDP, California",33012003,0,45568
"0651820","SL160","North El Monte CDP, California","North El Monte CDP, California",1101654,0,99447
"0651840","SL160","North Fair Oaks CDP, California","North Fair Oaks CDP, California",3097640,0,104884
"0651868","SL160","North Fork CDP, California","North Fork CDP, California",83490248,112922,71619
"0651890","SL160","North Gate CDP, California","North Gate CDP, California",1904534,0,208525
"0651924","SL160","North Highlands CDP, California","North Highlands CDP, California",22821705,0,65495
"0651990","SL160","North Lakeport CDP, California","North Lakeport CDP, California",9832064,6993183,64125
"0652162","SL160","North Richmond CDP, California","North Richmond CDP, California",3598945,412907,100673
"0652246","SL160","North San Juan CDP, California","North San Juan CDP, California",6275144,0,
"0652302","SL160","North Shore CDP, California","North Shore CDP, California",28952350,13989,51795
"0652379","SL160","North Tustin CDP, California","North Tustin CDP, California",17044528,0,177351
"0652526","SL160","Norwalk city, California","Norwalk city, California",25141966,96906,100085
"0652582","SL160","Novato city, California","Novato city, California",71159604,1320903,115736
"0652610","SL160","Nubieber CDP, California","Nubieber CDP, California",1939993,20921,
"0652624","SL160","Nuevo CDP, California","Nuevo CDP, California",17538033,0,112857
"0652694","SL160","Oakdale city, California","Oakdale city, California",16121384,100699,83091
"0652715","SL160","Oak Glen CDP, California","Oak Glen CDP, California",38839776,11185,85682
"0652760","SL160","Oak Hills CDP, California","Oak Hills CDP, California",63496967,0,101323
"0652764","SL160","Oakhurst CDP, California","Oakhurst CDP, California",86634988,19415,82056
"0653000","SL160","Oakland city, California","Oakland city, California",144861286,57244212,101600
"0653070","SL160","Oakley city, California","Oakley city, California",41091677,789638,137677
"0653116","SL160","Oak Park CDP, California","Oak Park CDP, California",13713403,0,163085
"0653140","SL160","Oak Run CDP, California","Oak Run CDP, California",7803833,12670,
"0653160","SL160","Oak Shores CDP, California","Oak Shores CDP, California",13178331,2012447,66750
"0653182","SL160","Oak View CDP, California","Oak View CDP, California",8822791,0,110440
"0653196","SL160","Oakville CDP, California","Oakville CDP, California",3522356,0,
"0653224","SL160","Oasis CDP, California","Oasis CDP, California",50832299,0,38769
"0653266","SL160","Occidental CDP, California","Occidental CDP, California",12862112,0,108207
"0653294","SL160","Oceano CDP, California","Oceano CDP, California",3979427,39216,71598
"0653322","SL160","Oceanside city, California","Oceanside city, California",106889690,2296235,97737
"0653378","SL160","Ocotillo CDP, California","Ocotillo CDP, California",22959357,0,
"0653448","SL160","Oildale CDP, California","Oildale CDP, California",20484547,0,51298
"0653476","SL160","Ojai city, California","Ojai city, California",11281691,39811,82656
"0653490","SL160","Olancha CDP, California","Olancha CDP, California",20311991,79710,
"0653503","SL160","Olde Stockdale CDP, California","Olde Stockdale CDP, California",1054819,0,166987
"0653505","SL160","Old Fig Garden CDP, California","Old Fig Garden CDP, California",4317800,0,105781
"0653574","SL160","Old River CDP, California","Old River CDP, California",2550660,0,
"0653602","SL160","Old Station CDP, California","Old Station CDP, California",5749143,3443,
"0653603","SL160","Old Stine CDP, California","Old Stine CDP, California",1597542,0,54292
"0653714","SL160","Olivehurst CDP, California","Olivehurst CDP, California",21791564,0,83214
"0653882","SL160","Ono CDP, California","Ono CDP, California",4931419,7877,
"0653896","SL160","Ontario city, California","Ontario city, California",129425158,75071,88941
"0653910","SL160","Onyx CDP, California","Onyx CDP, California",29658338,203115,24297
"0653980","SL160","Orange city, California","Orange city, California",66478667,386916,117113
"0653987","SL160","Orange Blossom CDP, California","Orange Blossom CDP, California",9892153,396333,104167
"0654008","SL160","Orange Cove city, California","Orange Cove city, California",4640753,0,46629
"0654092","SL160","Orangevale CDP, California","Orangevale CDP, California",29657948,397602,99832
"0654120","SL160","Orcutt CDP, California","Orcutt CDP, California",28030109,5696,111416
"0654218","SL160","Orick CDP, California","Orick CDP, California",12290818,270118,38750
"0654232","SL160","Orinda city, California","Orinda city, California",33285592,40530,250001
"0654274","SL160","Orland city, California","Orland city, California",7740922,0,64945
"0654372","SL160","Orosi CDP, California","Orosi CDP, California",6672042,0,54604
"0654386","SL160","Oroville city, California","Oroville city, California",35830540,47848,52270
"0654388","SL160","Oroville East CDP, California","Oroville East CDP, California",55935091,415638,94512
"0654652","SL160","Oxnard city, California","Oxnard city, California",68707177,32677585,96212
"0654764","SL160","Pacheco CDP, California","Pacheco CDP, California",1945578,0,101210
"0654806","SL160","Pacifica city, California","Pacifica city, California",32589429,23854,160523
"0654848","SL160","Pacific Grove city, California","Pacific Grove city, California",7422061,2925786,106065
"0655044","SL160","Pajaro CDP, California","Pajaro CDP, California",2400620,0,84875
"0655048","SL160","Pajaro Dunes CDP, California","Pajaro Dunes CDP, California",6640875,62511,112500
"0655058","SL160","Pala CDP, California","Pala CDP, California",14604078,0,106250
"0655086","SL160","Palermo CDP, California","Palermo CDP, California",75529077,37114,50588
"0655156","SL160","Palmdale city, California","Palmdale city, California",274705334,629569,81770
"0655184","SL160","Palm Desert city, California","Palm Desert city, California",69443541,528740,77513
"0655254","SL160","Palm Springs city, California","Palm Springs city, California",244875470,358065,73119
"0655282","SL160","Palo Alto city, California","Palo Alto city, California",62408630,4940291,231101
"0655296","SL160","Palo Cedro CDP, California","Palo Cedro CDP, California",21184711,280522,120152
"0655310","SL160","Paloma CDP, California","Paloma CDP, California",,,
"0655380","SL160","Palos Verdes Estates city, California","Palos Verdes Estates city, California",12369151,33350007,242014
"0655422","SL160","Palo Verde CDP, California","Palo Verde CDP, California",1502113,0,
"0655506","SL160","Panorama Heights CDP, California","Panorama Heights CDP, California",1230480,0,51250
"0655520","SL160","Paradise town, California","Paradise town, California",47439306,34214,67687
"0655528","SL160","Paradise CDP, California","Paradise CDP, California",11271636,0,109375
"0655604","SL160","Paradise Park CDP, California","Paradise Park CDP, California",720542,0,54500
"0655618","SL160","Paramount city, California","Paramount city, California",12242010,283684,75250
"0655728","SL160","Parklawn CDP, California","Parklawn CDP, California",345236,0,61071
"0655751","SL160","Parksdale CDP, California","Parksdale CDP, California",4500371,0,51587
"0655800","SL160","Parkway CDP, California","Parkway CDP, California",6240067,0,64375
"0655842","SL160","Parkwood CDP, California","Parkwood CDP, California",1804074,0,61645
"0655856","SL160","Parlier city, California","Parlier city, California",6238407,0,52357
"0656000","SL160","Pasadena city, California","Pasadena city, California",59470461,366889,105192
"0656028","SL160","Pasatiempo CDP, California","Pasatiempo CDP, California",2305899,0,215469
"0656042","SL160","Paskenta CDP, California","Paskenta CDP, California",2799215,0,
"0656112","SL160","Patterson city, California","Patterson city, California",20167365,222151,93650
"0656120","SL160","Patterson Tract CDP, California","Patterson Tract CDP, California",3744512,0,95658
"0656140","SL160","Patton Village CDP, California","Patton Village CDP, California",9040567,0,100972
"0656182","SL160","Paxton CDP, California","Paxton CDP, California",863831,0,
"0656196","SL160","Paynes Creek CDP, California","Paynes Creek CDP, California",8887673,3777,
"0656294","SL160","Pearsonville CDP, California","Pearsonville CDP, California",10648134,210748,
"0656476","SL160","Penngrove CDP, California","Penngrove CDP, California",10446983,0,107147
"0656518","SL160","Penn Valley CDP, California","Penn Valley CDP, California",5494646,0,64737
"0656546","SL160","Penryn CDP, California","Penryn CDP, California",4928719,0,127361
"0656598","SL160","Pepperdine University CDP, California","Pepperdine University CDP, California",1393957,0,199432
"0656700","SL160","Perris city, California","Perris city, California",81672650,279334,88911
"0656756","SL160","Pescadero CDP, California","Pescadero CDP, California",10426487,22322,250001
"0656784","SL160","Petaluma city, California","Petaluma city, California",37333943,277684,115430
"0656786","SL160","Petaluma Center CDP, California","Petaluma Center CDP, California",3038425,0,75682
"0656798","SL160","Peters CDP, California","Peters CDP, California",6542371,15743,
"0656826","SL160","Phelan CDP, California","Phelan CDP, California",155638217,0,79914
"0656854","SL160","Phillipsville CDP, California","Phillipsville CDP, California",1850731,73250,
"0656868","SL160","Philo CDP, California","Philo CDP, California",5353556,0,73631
"0656870","SL160","Phoenix Lake CDP, California","Phoenix Lake CDP, California",28679791,334098,103125
"0656924","SL160","Pico Rivera city, California","Pico Rivera city, California",21536859,1518068,88201
"0656938","SL160","Piedmont city, California","Piedmont city, California",4402397,0,250001
"0657011","SL160","Pierpoint CDP, California","Pierpoint CDP, California",1056404,0,
"0657036","SL160","Pike CDP, California","Pike CDP, California",11194524,0,
"0657070","SL160","Pine Canyon CDP, California","Pine Canyon CDP, California",8639261,2301,110827
"0657134","SL160","Pine Flat CDP, California","Pine Flat CDP, California",2588599,1961,
"0657148","SL160","Pine Grove CDP, California","Pine Grove CDP, California",19383669,0,89311
"0657204","SL160","Pine Hills CDP, California","Pine Hills CDP, California",26200979,107370,78393
"0657240","SL160","Pine Mountain Club CDP, California","Pine Mountain Club CDP, California",43647394,16918,69375
"0657244","SL160","Pine Mountain Lake CDP, California","Pine Mountain Lake CDP, California",49108026,726370,79387
"0657260","SL160","Pine Valley CDP, California","Pine Valley CDP, California",18555854,0,132772
"0657288","SL160","Pinole city, California","Pinole city, California",13218372,17242736,127717
"0657302","SL160","PiÃÂÃÂÃÂÃÂÃÂÃÂÃÂÃÂ±on Hills CDP, California","PiÃÂÃÂÃÂÃÂÃÂÃÂÃÂÃÂ±on Hills CDP, California",83177827,7520,68289
"0657330","SL160","Pioneer CDP, California","Pioneer CDP, California",10199669,0,75714
"0657372","SL160","Piru CDP, California","Piru CDP, California",8233997,40401,89375
"0657414","SL160","Pismo Beach city, California","Pismo Beach city, California",9057590,25582378,118072
"0657456","SL160","Pittsburg city, California","Pittsburg city, California",45780276,5359381,99861
"0657512","SL160","Pixley CDP, California","Pixley CDP, California",13597489,56590,55625
"0657526","SL160","Placentia city, California","Placentia city, California",17124978,37381,115929
"0657540","SL160","Placerville city, California","Placerville city, California",15126090,2192,67274
"0657568","SL160","Plainview CDP, California","Plainview CDP, California",591714,0,67656
"0657582","SL160","Planada CDP, California","Planada CDP, California",4511785,0,42727
"0657666","SL160","Platina CDP, California","Platina CDP, California",5357433,0,
"0657764","SL160","Pleasant Hill city, California","Pleasant Hill city, California",18324535,3158,145029
"0657792","SL160","Pleasanton city, California","Pleasanton city, California",62524282,380831,190124
"0657825","SL160","Pleasure Point CDP, California","Pleasure Point CDP, California",1941322,3274430,119821
"0657828","SL160","Plumas Eureka CDP, California","Plumas Eureka CDP, California",10294401,0,91042
"0657829","SL160","Plumas Lake CDP, California","Plumas Lake CDP, California",30658926,891526,120408
"0657834","SL160","Plymouth city, California","Plymouth city, California",6860201,32811,92500
"0657876","SL160","Point Arena city, California","Point Arena city, California",3534168,0,108095
"0657960","SL160","Point Reyes Station CDP, California","Point Reyes Station CDP, California",9364185,0,112813
"0658030","SL160","Pollock Pines CDP, California","Pollock Pines CDP, California",22335059,83617,74924
"0658072","SL160","Pomona city, California","Pomona city, California",59530485,26188,79479
"0658134","SL160","Ponderosa CDP, California","Ponderosa CDP, California",2099863,9090,
"0658191","SL160","Poplar-Cotton Center CDP, California","Poplar-Cotton Center CDP, California",6151505,0,51076
"0658226","SL160","Port Costa CDP, California","Port Costa CDP, California",409759,0,38929
"0658240","SL160","Porterville city, California","Porterville city, California",48294868,141831,60461
"0658296","SL160","Port Hueneme city, California","Port Hueneme city, California",11434772,646717,92660
"0658352","SL160","Portola city, California","Portola city, California",14003433,0,44492
"0658380","SL160","Portola Valley town, California","Portola Valley town, California",23524913,3741,250001
"0658422","SL160","Posey CDP, California","Posey CDP, California",924093,0,
"0658436","SL160","Poso Park CDP, California","Poso Park CDP, California",112854,0,
"0658456","SL160","Post Mountain CDP, California","Post Mountain CDP, California",32146965,0,
"0658471","SL160","Potomac Park CDP, California","Potomac Park CDP, California",3702470,0,51166
"0658478","SL160","Potrero CDP, California","Potrero CDP, California",8157788,0,10354
"0658506","SL160","Potter Valley CDP, California","Potter Valley CDP, California",10430292,73557,121071
"0658520","SL160","Poway city, California","Poway city, California",101210495,223435,148359
"0658618","SL160","Prattville CDP, California","Prattville CDP, California",1561232,0,
"0658758","SL160","Princeton CDP, California","Princeton CDP, California",3781914,0,53750
"0658814","SL160","Proberta CDP, California","Proberta CDP, California",3707383,0,
"0658870","SL160","Prunedale CDP, California","Prunedale CDP, California",119299815,368885,103819
"0658940","SL160","Pumpkin Center CDP, California","Pumpkin Center CDP, California",1209454,0,
"0659052","SL160","Quartz Hill CDP, California","Quartz Hill CDP, California",9743175,896,105443
"0659080","SL160","Quincy CDP, California","Quincy CDP, California",10939488,0,89000
"0659115","SL160","Rackerby CDP, California","Rackerby CDP, California",7650377,0,62813
"0659220","SL160","Rail Road Flat CDP, California","Rail Road Flat CDP, California",23510266,371269,87951
"0659248","SL160","Rainbow CDP, California","Rainbow CDP, California",28600970,0,104338
"0659290","SL160","Raisin City CDP, California","Raisin City CDP, California",1967173,0,52813
"0659346","SL160","Ramona CDP, California","Ramona CDP, California",99548576,49343,107427
"0659426","SL160","Rancho Calaveras CDP, California","Rancho Calaveras CDP, California",21707375,77009,88779
"0659444","SL160","Rancho Cordova city, California","Rancho Cordova city, California",89533866,795317,89585
"0659451","SL160","Rancho Cucamonga city, California","Rancho Cucamonga city, California",103885614,24723,111895
"0659500","SL160","Rancho Mirage city, California","Rancho Mirage city, California",65663784,1008457,107364
"0659503","SL160","Rancho Mission Viejo CDP, California","Rancho Mission Viejo CDP, California",97918365,0,192813
"0659506","SL160","Rancho Murieta CDP, California","Rancho Murieta CDP, California",30776825,467881,140061
"0659514","SL160","Rancho Palos Verdes city, California","Rancho Palos Verdes city, California",34892681,67929785,179623
"0659550","SL160","Rancho San Diego CDP, California","Rancho San Diego CDP, California",22523642,0,118682
"0659584","SL160","Rancho Santa Fe CDP, California","Rancho Santa Fe CDP, California",17384981,188500,175792
"0659587","SL160","Rancho Santa Margarita city, California","Rancho Santa Margarita city, California",33399722,122877,152560
"0659604","SL160","Rancho Tehama Reserve CDP, California","Rancho Tehama Reserve CDP, California",30267928,200213,53606
"0659668","SL160","Randsburg CDP, California","Randsburg CDP, California",4935915,100959,
"0659892","SL160","Red Bluff city, California","Red Bluff city, California",19582197,295207,51529
"0659896","SL160","Red Corral CDP, California","Red Corral CDP, California",16324174,0,85581
"0659906","SL160","Redcrest CDP, California","Redcrest CDP, California",1549190,0,
"0659920","SL160","Redding city, California","Redding city, California",154482290,3954285,70466
"0659962","SL160","Redlands city, California","Redlands city, California",93218621,673021,105041
"0660018","SL160","Redondo Beach city, California","Redondo Beach city, California",16070262,29367,150245
"0660088","SL160","Redway CDP, California","Redway CDP, California",3239490,55629,23720
"0660102","SL160","Redwood City city, California","Redwood City city, California",50080819,39901458,157814
"0660214","SL160","Redwood Valley CDP, California","Redwood Valley CDP, California",7112072,31597,63563
"0660242","SL160","Reedley city, California","Reedley city, California",14269146,185397,63307
"0660279","SL160","Reliez Valley CDP, California","Reliez Valley CDP, California",6112920,0,249864
"0660370","SL160","Rexland Acres CDP, California","Rexland Acres CDP, California",1345980,0,56078
"0660466","SL160","Rialto city, California","Rialto city, California",62393481,0,88857
"0660592","SL160","Richfield CDP, California","Richfield CDP, California",1417240,0,
"0660606","SL160","Richgrove CDP, California","Richgrove CDP, California",1170649,0,44950
"0660620","SL160","Richmond city, California","Richmond city, California",77840004,58164107,95391
"0660662","SL160","Richvale CDP, California","Richvale CDP, California",2401175,0,53984
"0660704","SL160","Ridgecrest city, California","Ridgecrest city, California",54029088,1671951,89250
"0660705","SL160","Ridgecrest Heights CDP, California","Ridgecrest Heights CDP, California",1564204,0,77130
"0660706","SL160","Ridgemark CDP, California","Ridgemark CDP, California",6656246,0,129744
"0660900","SL160","Rio Dell city, California","Rio Dell city, California",5907972,350987,42753
"0660928","SL160","Rio del Mar CDP, California","Rio del Mar CDP, California",7770134,4173062,159929
"0660942","SL160","Rio Linda CDP, California","Rio Linda CDP, California",25710392,0,96364
"0660970","SL160","Rio Oso CDP, California","Rio Oso CDP, California",16834414,0,111250
"0660984","SL160","Rio Vista city, California","Rio Vista city, California",17094324,1283585,89306
"0661012","SL160","Ripley CDP, California","Ripley CDP, California",4404857,0,28775
"0661026","SL160","Ripon city, California","Ripon city, California",13790583,499649,133380
"0661068","SL160","Riverbank city, California","Riverbank city, California",12204287,68157,87966
"0661096","SL160","Riverdale CDP, California","Riverdale CDP, California",10164976,0,56975
"0661106","SL160","Riverdale Park CDP, California","Riverdale Park CDP, California",3765433,89580,61786
"0661108","SL160","Rivergrove CDP, California","Rivergrove CDP, California",1703927,0,
"0661124","SL160","River Pines CDP, California","River Pines CDP, California",524419,0,
"0662000","SL160","Riverside city, California","Riverside city, California",210387809,803475,91045
"0662168","SL160","Robbins CDP, California","Robbins CDP, California",6706066,22544,93375
"0662200","SL160","Robinson Mill CDP, California","Robinson Mill CDP, California",3411263,0,
"0662364","SL160","Rocklin city, California","Rocklin city, California",51307151,57380,124168
"0662490","SL160","Rodeo CDP, California","Rodeo CDP, California",9741095,2286903,91484
"0662496","SL160","Rodriguez Camp CDP, California","Rodriguez Camp CDP, California",682112,0,21875
"0662546","SL160","Rohnert Park city, California","Rohnert Park city, California",18870233,12617,99273
"0662602","SL160","Rolling Hills city, California","Rolling Hills city, California",7746141,0,250001
"0662625","SL160","Rolling Hills CDP, California","Rolling Hills CDP, California",1555414,0,156406
"0662644","SL160","Rolling Hills Estates city, California","Rolling Hills Estates city, California",9263827,94012,191895
"0662700","SL160","Rollingwood CDP, California","Rollingwood CDP, California",447766,0,99830
"0662756","SL160","Romoland CDP, California","Romoland CDP, California",6848698,0,106861
"0662826","SL160","Rosamond CDP, California","Rosamond CDP, California",134992549,554370,79386
"0662854","SL160","Rosedale CDP, California","Rosedale CDP, California",75813312,0,135966
"0662860","SL160","Rose Hills CDP, California","Rose Hills CDP, California",1128791,0,122771
"0662896","SL160","Rosemead city, California","Rosemead city, California",13368558,35463,73566
"0662910","SL160","Rosemont CDP, California","Rosemont CDP, California",11361196,0,90046
"0662938","SL160","Roseville city, California","Roseville city, California",114162282,0,119288
"0662980","SL160","Ross town, California","Ross town, California",4036002,0,250001
"0663050","SL160","Rossmoor CDP, California","Rossmoor CDP, California",4038884,0,211597
"0663106","SL160","Rough and Ready CDP, California","Rough and Ready CDP, California",8217852,0,102725
"0663134","SL160","Round Mountain CDP, California","Round Mountain CDP, California",4342857,17581,57188
"0663148","SL160","Round Valley CDP, California","Round Valley CDP, California",36227887,30931,54375
"0663168","SL160","Rouse CDP, California","Rouse CDP, California",617334,0,61250
"0663218","SL160","Rowland Heights CDP, California","Rowland Heights CDP, California",33868441,20311,85617
"0663302","SL160","Rumsey CDP, California","Rumsey CDP, California",6338948,218858,
"0663316","SL160","Running Springs CDP, California","Running Springs CDP, California",10888685,23184,81516
"0663386","SL160","Ruth CDP, California","Ruth CDP, California",100658842,4347223,78247
"0663400","SL160","Rutherford CDP, California","Rutherford CDP, California",4350420,10389,250001
"0664000","SL160","Sacramento city, California","Sacramento city, California",255399993,5413141,87321
"0664056","SL160","Sage CDP, California","Sage CDP, California",176799322,15601,119938
"0664140","SL160","St. Helena city, California","St. Helena city, California",12832970,325922,148750
"0664210","SL160","Salida CDP, California","Salida CDP, California",5741081,7060,94935
"0664224","SL160","Salinas city, California","Salinas city, California",60903234,83122,91908
"0664252","SL160","Salmon Creek CDP, California","Salmon Creek CDP, California",2885757,0,
"0664294","SL160","Salton City CDP, California","Salton City CDP, California",55521880,0,47827
"0664308","SL160","Salton Sea Beach CDP, California","Salton Sea Beach CDP, California",780215,0,35341
"0664378","SL160","Salyer CDP, California","Salyer CDP, California",13662482,113638,55000
"0664392","SL160","Samoa CDP, California","Samoa CDP, California",2166605,0,57500
"0664420","SL160","San Andreas CDP, California","San Andreas CDP, California",21730446,41137,51684
"0664434","SL160","San Anselmo town, California","San Anselmo town, California",6928816,0,173641
"0664462","SL160","San Antonio Heights CDP, California","San Antonio Heights CDP, California",6334954,417287,138750
"0664476","SL160","San Ardo CDP, California","San Ardo CDP, California",1163657,0,
"0665000","SL160","San Bernardino city, California","San Bernardino city, California",160920195,853495,67415
"0665028","SL160","San Bruno city, California","San Bruno city, California",14215362,0,141272
"0665042","SL160","San Buenaventura (Ventura) city, California","San Buenaventura (Ventura) city, California",56681176,26953060,103069
"0665070","SL160","San Carlos city, California","San Carlos city, California",14016664,2037,237470
"0665084","SL160","San Clemente city, California","San Clemente city, California",47542789,1940302,140062
"0665112","SL160","Sand City city, California","Sand City city, California",1416996,6121647,77917
"0666000","SL160","San Diego city, California","San Diego city, California",844036546,120533495,108077
"0666004","SL160","San Diego Country Estates CDP, California","San Diego Country Estates CDP, California",43471183,0,145479
"0666070","SL160","San Dimas city, California","San Dimas city, California",38933497,1009641,105321
"0666140","SL160","San Fernando city, California","San Fernando city, California",6149607,0,83024
"0667000","SL160","San Francisco city, California","San Francisco city, California",121507089,479146790,140970
"0667042","SL160","San Gabriel city, California","San Gabriel city, California",10732387,1750,90488
"0667056","SL160","Sanger city, California","Sanger city, California",14937114,0,77500
"0667070","SL160","San Geronimo CDP, California","San Geronimo CDP, California",3906938,0,171932
"0667112","SL160","San Jacinto city, California","San Jacinto city, California",67229022,426797,80647
"0667126","SL160","San Joaquin city, California","San Joaquin city, California",3101203,0,43011
"0668000","SL160","San Jose city, California","San Jose city, California",461691712,8089813,146427
"0668014","SL160","San Juan Bautista city, California","San Juan Bautista city, California",2032272,1166,115833
"0668028","SL160","San Juan Capistrano city, California","San Juan Capistrano city, California",37374655,0,129457
"0668084","SL160","San Leandro city, California","San Leandro city, California",34505967,5588957,101420
"0668112","SL160","San Lorenzo CDP, California","San Lorenzo CDP, California",7888217,53278,112660
"0668140","SL160","San Lucas CDP, California","San Lucas CDP, California",1020818,0,56094
"0668154","SL160","San Luis Obispo city, California","San Luis Obispo city, California",34458922,379316,73685
"0668196","SL160","San Marcos city, California","San Marcos city, California",63078630,52493,109377
"0668224","SL160","San Marino city, California","San Marino city, California",9752762,16339,214167
"0668238","SL160","San Martin CDP, California","San Martin CDP, California",30043758,0,158250
"0668252","SL160","San Mateo city, California","San Mateo city, California",31426840,9622102,153504
"0668263","SL160","San Miguel CDP (Contra Costa County), California","San Miguel CDP (Contra Costa County), California",2720210,0,250001
"0668266","SL160","San Miguel CDP (San Luis Obispo County), California","San Miguel CDP (San Luis Obispo County), California",4350219,0,95458
"0668294","SL160","San Pablo city, California","San Pablo city, California",6797163,0,79478
"0668308","SL160","San Pasqual CDP, California","San Pasqual CDP, California",659665,0,123317
"0668364","SL160","San Rafael city, California","San Rafael city, California",42960192,15426850,119435
"0668378","SL160","San Ramon city, California","San Ramon city, California",48392897,88389,196161
"0668434","SL160","San Simeon CDP, California","San Simeon CDP, California",2063264,0,54625
"0669000","SL160","Santa Ana city, California","Santa Ana city, California",70807071,79932,93999
"0669070","SL160","Santa Barbara city, California","Santa Barbara city, California",50523520,58265316,106182
"0669084","SL160","Santa Clara city, California","Santa Clara city, California",47336092,0,178958
"0669088","SL160","Santa Clarita city, California","Santa Clarita city, California",183249692,161052,123062
"0669112","SL160","Santa Cruz city, California","Santa Cruz city, California",32996599,7998548,115475
"0669154","SL160","Santa Fe Springs city, California","Santa Fe Springs city, California",22948086,101085,88238
"0669182","SL160","Santa Margarita CDP, California","Santa Margarita CDP, California",1340019,0,
"0669196","SL160","Santa Maria city, California","Santa Maria city, California",59078451,1575636,84746
"0670000","SL160","Santa Monica city, California","Santa Monica city, California",21782142,22696935,114885
"0670028","SL160","Santa Nella CDP, California","Santa Nella CDP, California",12128897,0,99154
"0670042","SL160","Santa Paula city, California","Santa Paula city, California",14323012,423953,79294
"0670098","SL160","Santa Rosa city, California","Santa Rosa city, California",110145874,451570,99060
"0670130","SL160","Santa Rosa Valley CDP, California","Santa Rosa Valley CDP, California",18685063,0,213973
"0670140","SL160","Santa Susana CDP, California","Santa Susana CDP, California",3250193,0,99783
"0670154","SL160","Santa Venetia CDP, California","Santa Venetia CDP, California",9489702,74911,126833
"0670182","SL160","Santa Ynez CDP, California","Santa Ynez CDP, California",12510425,17663,110781
"0670224","SL160","Santee city, California","Santee city, California",42831662,470863,113394
"0670266","SL160","Saranap CDP, California","Saranap CDP, California",2939536,0,157347
"0670280","SL160","Saratoga city, California","Saratoga city, California",33098915,0,250001
"0670322","SL160","Saticoy CDP, California","Saticoy CDP, California",968248,796,86276
"0670336","SL160","Sattley CDP, California","Sattley CDP, California",5302767,4699,
"0670364","SL160","Sausalito city, California","Sausalito city, California",4568773,1276883,182357
"0670518","SL160","Scotia CDP, California","Scotia CDP, California",1932251,247386,51250
"0670588","SL160","Scotts Valley city, California","Scotts Valley city, California",11961717,0,143750
"0670644","SL160","Seacliff CDP, California","Seacliff CDP, California",1890210,3151,130385
"0670686","SL160","Seal Beach city, California","Seal Beach city, California",29185041,1378239,85964
"0670712","SL160","Sea Ranch CDP, California","Sea Ranch CDP, California",41742090,277559,139375
"0670728","SL160","Searles Valley CDP, California","Searles Valley CDP, California",27186893,0,62500
"0670742","SL160","Seaside city, California","Seaside city, California",23111409,355497,85311
"0670770","SL160","Sebastopol city, California","Sebastopol city, California",4874901,0,87684
"0670798","SL160","Seeley CDP, California","Seeley CDP, California",3660150,78319,62841
"0670882","SL160","Selma city, California","Selma city, California",15041784,0,60241
"0670966","SL160","Sequoia Crest CDP, California","Sequoia Crest CDP, California",2646709,0,
"0671000","SL160","Sereno del Mar CDP, California","Sereno del Mar CDP, California",1909750,0,78214
"0671078","SL160","Seville CDP, California","Seville CDP, California",712368,0,50625
"0671106","SL160","Shafter city, California","Shafter city, California",100221604,0,71215
"0671134","SL160","Shandon CDP, California","Shandon CDP, California",7639224,113009,107273
"0671218","SL160","Shasta CDP, California","Shasta CDP, California",28325227,11513,111250
"0671225","SL160","Shasta Lake city, California","Shasta Lake city, California",28290264,14724,67401
"0671246","SL160","Shaver Lake CDP, California","Shaver Lake CDP, California",83623481,5897217,99432
"0671302","SL160","Sheep Ranch CDP, California","Sheep Ranch CDP, California",,,
"0671362","SL160","Shell Ridge CDP, California","Shell Ridge CDP, California",1114550,0,250001
"0671372","SL160","Shelter Cove CDP, California","Shelter Cove CDP, California",15098010,0,44444
"0671414","SL160","Sheridan CDP, California","Sheridan CDP, California",66129143,15380,95652
"0671554","SL160","Shingle Springs CDP, California","Shingle Springs CDP, California",21235230,99633,135530
"0671568","SL160","Shingletown CDP, California","Shingletown CDP, California",63570619,177508,66635
"0671680","SL160","Shoshone CDP, California","Shoshone CDP, California",74361294,618,
"0671774","SL160","Sierra Brooks CDP, California","Sierra Brooks CDP, California",3549115,0,
"0671778","SL160","Sierra City CDP, California","Sierra City CDP, California",5569937,728,95696
"0671806","SL160","Sierra Madre city, California","Sierra Madre city, California",7643251,10258,143547
"0671834","SL160","Sierra Village CDP, California","Sierra Village CDP, California",6661587,9750,68571
"0671848","SL160","Sierraville CDP, California","Sierraville CDP, California",13002077,2127,
"0671876","SL160","Signal Hill city, California","Signal Hill city, California",5670582,4445,113298
"0671918","SL160","Silverado CDP, California","Silverado CDP, California",14812702,0,76797
"0671927","SL160","Silverado Resort CDP, California","Silverado Resort CDP, California",4896980,24818,173832
"0671932","SL160","Silver City CDP, California","Silver City CDP, California",302352,0,
"0671964","SL160","Silver Lakes CDP, California","Silver Lakes CDP, California",13560375,1158282,115829
"0672016","SL160","Simi Valley city, California","Simi Valley city, California",107601139,1831566,122081
"0672086","SL160","Sisquoc CDP, California","Sisquoc CDP, California",5775123,10614,
"0672156","SL160","Sky Valley CDP, California","Sky Valley CDP, California",62985642,0,51190
"0672184","SL160","Sleepy Hollow CDP, California","Sleepy Hollow CDP, California",7680833,0,250001
"0672282","SL160","Smartsville CDP, California","Smartsville CDP, California",1856958,0,
"0672338","SL160","Smith Corner CDP, California","Smith Corner CDP, California",568644,0,48281
"0672380","SL160","Smith River CDP, California","Smith River CDP, California",11461740,38079,
"0672408","SL160","Snelling CDP, California","Snelling CDP, California",1399517,13317,47045
"0672478","SL160","Soda Bay CDP, California","Soda Bay CDP, California",3327990,0,81806
"0672492","SL160","Soda Springs CDP, California","Soda Springs CDP, California",872163,0,
"0672506","SL160","Solana Beach city, California","Solana Beach city, California",8841642,270081,152167
"0672520","SL160","Soledad city, California","Soledad city, California",11551909,492321,96862
"0672576","SL160","Solvang city, California","Solvang city, California",6281307,3053,109091
"0672632","SL160","Somis CDP, California","Somis CDP, California",8683406,0,145163
"0672646","SL160","Sonoma city, California","Sonoma city, California",7105863,0,98527
"0672654","SL160","Sonoma State University CDP, California","Sonoma State University CDP, California",1081020,0,
"0672674","SL160","Sonora city, California","Sonora city, California",8190966,35507,82690
"0672688","SL160","Soquel CDP, California","Soquel CDP, California",11905335,0,118777
"0672772","SL160","Soulsbyville CDP, California","Soulsbyville CDP, California",7796211,15737,96865
"0672954","SL160","South Dos Palos CDP, California","South Dos Palos CDP, California",3984072,0,
"0672996","SL160","South El Monte city, California","South El Monte city, California",7364933,14107,72990
"0673080","SL160","South Gate city, California","South Gate city, California",18743139,303434,74571
"0673108","SL160","South Lake Tahoe city, California","South Lake Tahoe city, California",26387187,16684701,82002
"0673167","SL160","South Monrovia Island CDP, California","South Monrovia Island CDP, California",1419511,0,104444
"0673178","SL160","South Oroville CDP, California","South Oroville CDP, California",6881705,0,65409
"0673220","SL160","South Pasadena city, California","South Pasadena city, California",8828904,25721,127175
"0673262","SL160","South San Francisco city, California","South San Francisco city, California",23835620,54315204,136578
"0673276","SL160","South San Gabriel CDP, California","South San Gabriel CDP, California",2160330,685,76806
"0673290","SL160","South San Jose Hills CDP, California","South San Jose Hills CDP, California",3878864,0,94806
"0673388","SL160","South Taft CDP, California","South Taft CDP, California",2786790,0,43039
"0673430","SL160","South Whittier CDP, California","South Whittier CDP, California",13824727,22815,100800
"0673554","SL160","Spaulding CDP, California","Spaulding CDP, California",8621924,0,24620
"0673612","SL160","Spreckels CDP, California","Spreckels CDP, California",316377,0,
"0673654","SL160","Spring Garden CDP, California","Spring Garden CDP, California",1692573,0,
"0673690","SL160","Spring Valley CDP (Lake County), California","Spring Valley CDP (Lake County), California",12780930,102405,48679
"0673696","SL160","Spring Valley CDP (San Diego County), California","Spring Valley CDP (San Diego County), California",19015909,88959,109110
"0673700","SL160","Spring Valley Lake CDP, California","Spring Valley Lake CDP, California",7833090,885216,82625
"0673710","SL160","Springville CDP, California","Springville CDP, California",3933608,35439,99000
"0673794","SL160","Squaw Valley CDP, California","Squaw Valley CDP, California",164758384,142813,49904
"0673815","SL160","Squirrel Mountain Valley CDP, California","Squirrel Mountain Valley CDP, California",4663884,0,
"0673868","SL160","Stallion Springs CDP, California","Stallion Springs CDP, California",35163160,63046,87321
"0673906","SL160","Stanford CDP, California","Stanford CDP, California",7123691,117653,75208
"0673962","SL160","Stanton city, California","Stanton city, California",8031388,0,84707
"0674021","SL160","Stebbins CDP, California","Stebbins CDP, California",2588072,0,68029
"0674130","SL160","Stevenson Ranch CDP, California","Stevenson Ranch CDP, California",16607591,2399,158434
"0674144","SL160","Stevinson CDP, California","Stevinson CDP, California",2927390,0,
"0674172","SL160","Stinson Beach CDP, California","Stinson Beach CDP, California",2311064,0,132857
"0674186","SL160","Stirling City CDP, California","Stirling City CDP, California",3048650,2150,
"0675000","SL160","Stockton city, California","Stockton city, California",161115474,7956195,79907
"0675122","SL160","Stones Landing CDP, California","Stones Landing CDP, California",5494204,0,
"0675154","SL160","Stonyford CDP, California","Stonyford CDP, California",3636119,0,
"0675252","SL160","Stratford CDP, California","Stratford CDP, California",1805595,0,62639
"0675280","SL160","Strathmore CDP, California","Strathmore CDP, California",3655054,0,43387
"0675315","SL160","Strawberry CDP (Marin County), California","Strawberry CDP (Marin County), California",3445619,1506465,157661
"0675322","SL160","Strawberry CDP (Tuolumne County), California","Strawberry CDP (Tuolumne County), California",1350627,21432,
"0675592","SL160","Sugarloaf Saw Mill CDP, California","Sugarloaf Saw Mill CDP, California",252263,0,
"0675596","SL160","Sugarloaf Village CDP, California","Sugarloaf Village CDP, California",173648,0,
"0675630","SL160","Suisun City city, California","Suisun City city, California",10373861,156438,94787
"0675672","SL160","Sultana CDP, California","Sultana CDP, California",972824,0,47083
"0675714","SL160","Summerland CDP, California","Summerland CDP, California",3618069,15510365,95694
"0675994","SL160","Sunnyside CDP, California","Sunnyside CDP, California",4954935,0,114135
"0676015","SL160","Sunnyside-Tahoe City CDP, California","Sunnyside-Tahoe City CDP, California",9016274,858519,118493
"0676040","SL160","Sunny Slopes CDP, California","Sunny Slopes CDP, California",4879001,0,203698
"0677000","SL160","Sunnyvale city, California","Sunnyvale city, California",57135716,1858933,186170
"0677042","SL160","Sunol CDP, California","Sunol CDP, California",73192610,864654,215000
"0677308","SL160","Sun Village CDP, California","Sun Village CDP, California",27981975,1222,72173
"0677364","SL160","Susanville city, California","Susanville city, California",20507839,218688,61641
"0677378","SL160","Sutter CDP, California","Sutter CDP, California",7835375,0,96173
"0677392","SL160","Sutter Creek city, California","Sutter Creek city, California",6988164,0,88478
"0677430","SL160","Swall Meadows CDP, California","Swall Meadows CDP, California",11555635,0,156917
"0677574","SL160","Taft city, California","Taft city, California",39552120,0,72772
"0677588","SL160","Taft Heights CDP, California","Taft Heights CDP, California",766308,0,54034
"0677595","SL160","Taft Mosswood CDP, California","Taft Mosswood CDP, California",1205538,33968,59297
"0677700","SL160","Tahoe Vista CDP, California","Tahoe Vista CDP, California",7033550,359834,113314
"0677728","SL160","Tahoma CDP, California","Tahoma CDP, California",6717203,529924,105104
"0677784","SL160","Talmage CDP, California","Talmage CDP, California",4117638,4089,44647
"0677805","SL160","Tamalpais-Homestead Valley CDP, California","Tamalpais-Homestead Valley CDP, California",12135246,159394,243227
"0677860","SL160","Tancred CDP, California","Tancred CDP, California",4172360,0,135833
"0677924","SL160","Tara Hills CDP, California","Tara Hills CDP, California",1727037,0,101747
"0677934","SL160","Tarina CDP, California","Tarina CDP, California",11542573,0,
"0677960","SL160","Tarpey Village CDP, California","Tarpey Village CDP, California",2043494,0,90313
"0678008","SL160","Taylorsville CDP, California","Taylorsville CDP, California",8409829,0,
"0678050","SL160","Tecopa CDP, California","Tecopa CDP, California",48145645,177237,
"0678092","SL160","Tehachapi city, California","Tehachapi city, California",26563140,250130,72957
"0678106","SL160","Tehama city, California","Tehama city, California",2057210,0,70893
"0678120","SL160","Temecula city, California","Temecula city, California",96522049,24934,121063
"0678126","SL160","Temelec CDP, California","Temelec CDP, California",4112404,0,67582
"0678138","SL160","Temescal Valley CDP, California","Temescal Valley CDP, California",50094238,92242,122051
"0678148","SL160","Temple City city, California","Temple City city, California",10370555,0,104425
"0678162","SL160","Templeton CDP, California","Templeton CDP, California",20484545,0,117063
"0678176","SL160","Tennant CDP, California","Tennant CDP, California",878560,1194,
"0678232","SL160","Terminous CDP, California","Terminous CDP, California",2531348,0,75724
"0678288","SL160","Terra Bella CDP, California","Terra Bella CDP, California",5668356,0,62530
"0678336","SL160","Teviston CDP, California","Teviston CDP, California",5657720,0,38447
"0678456","SL160","Thermal CDP, California","Thermal CDP, California",24303229,0,
"0678470","SL160","Thermalito CDP, California","Thermalito CDP, California",32965416,434050,54865
"0678568","SL160","Thornton CDP, California","Thornton CDP, California",5524658,130915,73333
"0678582","SL160","Thousand Oaks city, California","Thousand Oaks city, California",143114080,375961,135603
"0678596","SL160","Thousand Palms CDP, California","Thousand Palms CDP, California",61230208,0,77000
"0678638","SL160","Three Rivers CDP, California","Three Rivers CDP, California",80245468,268932,85695
"0678652","SL160","Three Rocks CDP, California","Three Rocks CDP, California",1941449,0,89083
"0678666","SL160","Tiburon town, California","Tiburon town, California",11603822,22626730,232969
"0678715","SL160","Timber Cove CDP, California","Timber Cove CDP, California",14637533,0,110938
"0678750","SL160","Tipton CDP, California","Tipton CDP, California",4471210,0,45243
"0678792","SL160","Tobin CDP, California","Tobin CDP, California",13367665,0,
"0678890","SL160","Tomales CDP, California","Tomales CDP, California",859286,0,
"0678932","SL160","Tonyville CDP, California","Tonyville CDP, California",130784,0,
"0678949","SL160","Tooleville CDP, California","Tooleville CDP, California",172928,0,
"0678960","SL160","Topanga CDP, California","Topanga CDP, California",49538336,19528,157045
"0679030","SL160","Topaz CDP, California","Topaz CDP, California",31537286,3359715,
"0679529","SL160","Toro Canyon CDP, California","Toro Canyon CDP, California",24312959,11403119,140743
"0680000","SL160","Torrance city, California","Torrance city, California",53141224,10608735,116217
"0680210","SL160","Trabuco Canyon CDP, California","Trabuco Canyon CDP, California",18861606,0,229239
"0680238","SL160","Tracy city, California","Tracy city, California",67052560,351998,121119
"0680266","SL160","Tranquillity CDP, California","Tranquillity CDP, California",1599152,0,59236
"0680280","SL160","Traver CDP, California","Traver CDP, California",1735180,0,42917
"0680364","SL160","Tres Pinos CDP, California","Tres Pinos CDP, California",9327895,0,
"0680448","SL160","Trinidad city, California","Trinidad city, California",1255850,482188,105833
"0680476","SL160","Trinity Center CDP, California","Trinity Center CDP, California",13547616,0,58750
"0680483","SL160","Trinity Village CDP, California","Trinity Village CDP, California",10394620,0,87361
"0680515","SL160","Trona CDP, California","Trona CDP, California",24076929,2011,
"0680560","SL160","Trowbridge CDP, California","Trowbridge CDP, California",17560536,0,130000
"0680588","SL160","Truckee town, California","Truckee town, California",83740315,3448642,130462
"0680644","SL160","Tulare city, California","Tulare city, California",52798082,197854,72410
"0680686","SL160","Tulelake city, California","Tulelake city, California",1061321,6167,47574
"0680763","SL160","Tuolumne City CDP, California","Tuolumne City CDP, California",6101298,7243,57313
"0680784","SL160","Tupman CDP, California","Tupman CDP, California",1367277,0,
"0680812","SL160","Turlock city, California","Turlock city, California",43783169,69528,82995
"0680854","SL160","Tustin city, California","Tustin city, California",28906972,0,112503
"0680882","SL160","Tuttle CDP, California","Tuttle CDP, California",4555442,0,
"0680896","SL160","Tuttletown CDP, California","Tuttletown CDP, California",19038413,16981,116652
"0680952","SL160","Twain CDP, California","Twain CDP, California",18622693,0,
"0680966","SL160","Twain Harte CDP, California","Twain Harte CDP, California",9579417,49580,88739
"0680994","SL160","Twentynine Palms city, California","Twentynine Palms city, California",152157672,0,62554
"0681048","SL160","Twin Lakes CDP (Mono County), California","Twin Lakes CDP (Mono County), California",10798571,2717491,
"0681050","SL160","Twin Lakes CDP (Santa Cruz County), California","Twin Lakes CDP (Santa Cruz County), California",1789855,1346290,90087
"0681134","SL160","Ukiah city, California","Ukiah city, California",12390978,116878,66160
"0681204","SL160","Union City city, California","Union City city, California",49682931,0,133715
"0681302","SL160","University of California-Davis CDP, California","University of California-Davis CDP, California",4473488,0,18631
"0681312","SL160","University of California-Merced CDP, California","University of California-Merced CDP, California",1689900,20798,
"0681316","SL160","University of California-Santa Barbara CDP, California","University of California-Santa Barbara CDP, California",3363537,300642,69327
"0681344","SL160","Upland city, California","Upland city, California",40363418,86983,105830
"0681358","SL160","Upper Lake CDP, California","Upper Lake CDP, California",4439947,21212,110417
"0681554","SL160","Vacaville city, California","Vacaville city, California",77363273,600053,111126
"0681638","SL160","Valinda CDP, California","Valinda CDP, California",5213065,0,100165
"0681652","SL160","Vallecito CDP, California","Vallecito CDP, California",5406010,0,
"0681666","SL160","Vallejo city, California","Vallejo city, California",78788150,46317409,90171
"0681708","SL160","Valle Vista CDP, California","Valle Vista CDP, California",17771963,539552,66825
"0681722","SL160","Valley Acres CDP, California","Valley Acres CDP, California",10677289,0,135820
"0681736","SL160","Valley Center CDP, California","Valley Center CDP, California",71083460,0,132361
"0681778","SL160","Valley Ford CDP, California","Valley Ford CDP, California",6842484,0,
"0681792","SL160","Valley Home CDP, California","Valley Home CDP, California",2977464,0,102500
"0681869","SL160","Valley Ranch CDP, California","Valley Ranch CDP, California",2945415,0,
"0681890","SL160","Valley Springs CDP, California","Valley Springs CDP, California",10344077,0,45786
"0681925","SL160","Valley Wells CDP, California","Valley Wells CDP, California",27631920,177128,
"0681967","SL160","Val Verde CDP, California","Val Verde CDP, California",6644174,0,135917
"0682072","SL160","Vandenberg AFB CDP, California","Vandenberg AFB CDP, California",57997811,225536,84167
"0682086","SL160","Vandenberg Village CDP, California","Vandenberg Village CDP, California",13649867,1339,110904
"0682334","SL160","Verdi CDP, California","Verdi CDP, California",10808119,34863,
"0682422","SL160","Vernon city, California","Vernon city, California",12884476,476377,70667
"0682562","SL160","Victor CDP, California","Victor CDP, California",3270556,0,
"0682590","SL160","Victorville city, California","Victorville city, California",190908178,744967,74410
"0682667","SL160","View Park-Windsor Hills CDP, California","View Park-Windsor Hills CDP, California",4768647,1987,130504
"0682744","SL160","Villa Park city, California","Villa Park city, California",5380384,237,202245
"0682786","SL160","Vina CDP, California","Vina CDP, California",3501362,0,40811
"0682815","SL160","Vincent CDP, California","Vincent CDP, California",3814588,0,100443
"0682842","SL160","Vine Hill CDP, California","Vine Hill CDP, California",3890261,0,115313
"0682852","SL160","Vineyard CDP, California","Vineyard CDP, California",48558204,0,105313
"0682929","SL160","Virginia Lakes CDP, California","Virginia Lakes CDP, California",3741522,216444,
"0682954","SL160","Visalia city, California","Visalia city, California",98250380,51434,81989
"0682996","SL160","Vista city, California","Vista city, California",48556164,0,94975
"0683085","SL160","Vista Santa Rosa CDP, California","Vista Santa Rosa CDP, California",41629806,32133,70474
"0683094","SL160","Volcano CDP, California","Volcano CDP, California",3626954,0,43397
"0683108","SL160","Volta CDP, California","Volta CDP, California",11318388,165270,
"0683262","SL160","Walker CDP, California","Walker CDP, California",31473072,0,85294
"0683304","SL160","Wallace CDP, California","Wallace CDP, California",11114771,6972905,143650
"0683332","SL160","Walnut city, California","Walnut city, California",23281857,9650,129449
"0683346","SL160","Walnut Creek city, California","Walnut Creek city, California",51179061,31195,130432
"0683374","SL160","Walnut Grove CDP, California","Walnut Grove CDP, California",26419421,1883606,78878
"0683402","SL160","Walnut Park CDP, California","Walnut Park CDP, California",1940966,0,80331
"0683460","SL160","Warm Springs CDP, California","Warm Springs CDP, California",3661985,0,70341
"0683494","SL160","Warner Valley CDP, California","Warner Valley CDP, California",45059297,74958,
"0683542","SL160","Wasco city, California","Wasco city, California",24313382,0,51727
"0683570","SL160","Washington CDP, California","Washington CDP, California",4922969,0,
"0683612","SL160","Waterford city, California","Waterford city, California",6108059,63331,74343
"0683626","SL160","Waterloo CDP, California","Waterloo CDP, California",14076382,0,221850
"0683668","SL160","Watsonville city, California","Watsonville city, California",17370216,247360,78393
"0683724","SL160","Waukena CDP, California","Waukena CDP, California",907531,0,86250
"0683730","SL160","Wautec CDP, California","Wautec CDP, California",5973832,0,
"0683766","SL160","Wawona CDP, California","Wawona CDP, California",2786953,0,70353
"0683794","SL160","Weaverville CDP, California","Weaverville CDP, California",33363065,0,65787
"0683850","SL160","Weed city, California","Weed city, California",12479111,13340,38854
"0683863","SL160","Weedpatch CDP, California","Weedpatch CDP, California",9212054,11548,22044
"0683906","SL160","Weitchpec CDP, California","Weitchpec CDP, California",9919744,145898,53750
"0683948","SL160","Weldon CDP, California","Weldon CDP, California",69057891,391674,35221
"0684004","SL160","Weott CDP, California","Weott CDP, California",1946274,48591,
"0684116","SL160","West Athens CDP, California","West Athens CDP, California",3462635,0,67201
"0684120","SL160","West Bishop CDP, California","West Bishop CDP, California",22684470,2788,114653
"0684144","SL160","West Carson CDP, California","West Carson CDP, California",5868541,33313,92775
"0684200","SL160","West Covina city, California","West Covina city, California",41535627,124504,101065
"0684345","SL160","West Goshen CDP, California","West Goshen CDP, California",1734524,0,
"0684385","SL160","Westhaven-Moonstone CDP, California","Westhaven-Moonstone CDP, California",20963594,70662,66815
"0684410","SL160","West Hollywood city, California","West Hollywood city, California",4888623,0,96995
"0684438","SL160","Westlake Village city, California","Westlake Village city, California",13434930,828670,179954
"0684480","SL160","Westley CDP, California","Westley CDP, California",879991,0,
"0684536","SL160","West Menlo Park CDP, California","West Menlo Park CDP, California",1256177,0,250001
"0684550","SL160","Westminster city, California","Westminster city, California",25999277,0,85541
"0684578","SL160","West Modesto CDP, California","West Modesto CDP, California",3575972,37065,61440
"0684592","SL160","Westmont CDP, California","Westmont CDP, California",4784057,0,50509
"0684606","SL160","Westmorland city, California","Westmorland city, California",1528294,0,28839
"0684680","SL160","West Park CDP, California","West Park CDP, California",4640398,0,60625
"0684732","SL160","West Point CDP, California","West Point CDP, California",7677757,0,70594
"0684774","SL160","West Puente Valley CDP, California","West Puente Valley CDP, California",4842002,2700,88279
"0684780","SL160","West Rancho Dominguez CDP, California","West Rancho Dominguez CDP, California",10291799,13545,86834
"0684816","SL160","West Sacramento city, California","West Sacramento city, California",55606617,3446736,93188
"0684863","SL160","Westside CDP, California","Westside CDP, California",5740778,0,
"0684921","SL160","West Whittier-Los Nietos CDP, California","West Whittier-Los Nietos CDP, California",6527742,0,111699
"0684928","SL160","Westwood CDP, California","Westwood CDP, California",14392892,182548,59375
"0685012","SL160","Wheatland city, California","Wheatland city, California",21035375,17378,83452
"0685086","SL160","Whitehawk CDP, California","Whitehawk CDP, California",6693778,0,
"0685208","SL160","Whitewater CDP, California","Whitewater CDP, California",25581193,0,77898
"0685222","SL160","Whitley Gardens CDP, California","Whitley Gardens CDP, California",3396918,28851,28214
"0685250","SL160","Whitmore CDP, California","Whitmore CDP, California",16909590,14380,
"0685292","SL160","Whittier city, California","Whittier city, California",37939345,32427,97201
"0685446","SL160","Wildomar city, California","Wildomar city, California",61393217,0,103506
"0685551","SL160","Wilkerson CDP, California","Wilkerson CDP, California",14833037,1906,69519
"0685586","SL160","Williams city, California","Williams city, California",12806225,0,90761
"0685587","SL160","Williams Canyon CDP, California","Williams Canyon CDP, California",1465500,0,
"0685600","SL160","Willits city, California","Willits city, California",7296486,1546,63447
"0685614","SL160","Willowbrook CDP, California","Willowbrook CDP, California",4341865,7356,62582
"0685642","SL160","Willow Creek CDP, California","Willow Creek CDP, California",78501415,777004,47137
"0685684","SL160","Willows city, California","Willows city, California",7344419,31054,64068
"0685810","SL160","Wilseyville CDP, California","Wilseyville CDP, California",,,70043
"0685866","SL160","Wilsonia CDP, California","Wilsonia CDP, California",705824,0,
"0685880","SL160","Wilton CDP, California","Wilton CDP, California",75115869,0,189537
"0685894","SL160","Winchester CDP, California","Winchester CDP, California",20745739,0,79250
"0685922","SL160","Windsor town, California","Windsor town, California",19260063,60261,133979
"0685992","SL160","Winter Gardens CDP, California","Winter Gardens CDP, California",11447561,1027,97973
"0686020","SL160","Winterhaven CDP, California","Winterhaven CDP, California",630958,0,
"0686034","SL160","Winters city, California","Winters city, California",7601165,64542,122951
"0686076","SL160","Winton CDP, California","Winton CDP, California",7875727,0,57015
"0686174","SL160","Wofford Heights CDP, California","Wofford Heights CDP, California",16579394,460,38686
"0686216","SL160","Woodacre CDP, California","Woodacre CDP, California",4653150,0,231953
"0686230","SL160","Woodbridge CDP, California","Woodbridge CDP, California",7806489,276560,93854
"0686244","SL160","Woodcrest CDP, California","Woodcrest CDP, California",29461909,0,153731
"0686300","SL160","Woodlake city, California","Woodlake city, California",6770314,1178472,46266
"0686328","SL160","Woodland city, California","Woodland city, California",39665023,0,90180
"0686380","SL160","Woodlands CDP, California","Woodlands CDP, California",4279720,0,136618
"0686440","SL160","Woodside town, California","Woodside town, California",29697449,0,250001
"0686482","SL160","Woodville CDP, California","Woodville CDP, California",2584379,0,54531
"0686489","SL160","Woodville Farm Labor Camp CDP, California","Woodville Farm Labor Camp CDP, California",491823,0,50724
"0686496","SL160","Woody CDP, California","Woody CDP, California",10453539,0,93750
"0686594","SL160","Wrightwood CDP, California","Wrightwood CDP, California",15414197,8669,74332
"0686678","SL160","Yankee Hill CDP, California","Yankee Hill CDP, California",15609188,0,76806
"0686720","SL160","Yermo CDP, California","Yermo CDP, California",1680240,12788,59167
"0686734","SL160","Yettem CDP, California","Yettem CDP, California",284865,0,
"0686804","SL160","Yolo CDP, California","Yolo CDP, California",3556737,0,
"0686832","SL160","Yorba Linda city, California","Yorba Linda city, California",51679911,52602,157582
"0686878","SL160","Yosemite Lakes CDP, California","Yosemite Lakes CDP, California",54136050,250537,97813
"0686912","SL160","Yosemite Valley CDP, California","Yosemite Valley CDP, California",5330276,158738,34282
"0686916","SL160","Yosemite West CDP, California","Yosemite West CDP, California",708714,0,
"0686930","SL160","Yountville city, California","Yountville city, California",3852452,6876,80342
"0686944","SL160","Yreka city, California","Yreka city, California",25861889,188154,43982
"0686972","SL160","Yuba City city, California","Yuba City city, California",38797488,201005,75477
"0687042","SL160","Yucaipa city, California","Yucaipa city, California",73216674,0,90794
"0687056","SL160","Yucca Valley town, California","Yucca Valley town, California",103161847,0,59563
"0687090","SL160","Zayante CDP, California","Zayante CDP, California",7308969,0,182857
