"FIPS","GeoLevel","NAME","Qualified Area Name","Area (Land)","Area (Water)","Total Population","Population Density (Per Sq. Mile)","Area (Land)"
Geo__geoid_,Geo__geo_level_,Geo_NAME,Geo_qname,Geo_AREALAND,Geo_AREAWATER,SE_A00002_001,SE_A00002_002,SE_A00002_003
"0600135","SL160","Acalanes Ridge CDP, California","Acalanes Ridge CDP, California",1193569,0,1006,2182.9721260351425,0.4608395993709564
"0600156","SL160","Acampo CDP, California","Acampo CDP, California",2428474,0,234,249.5629669211837,0.9376391172409058
"0600212","SL160","Acton CDP, California","Acton CDP, California",101679451,60418,7880,200.72006771465283,39.2586555480957
"0600296","SL160","Adelanto city, California","Adelanto city, California",136923866,41151,37964,718.1093021743873,52.86660385131836
"0600310","SL160","Adin CDP, California","Adin CDP, California",7587701,15858,153,52.225062521617055,2.9296278953552246
"0600394","SL160","Agoura Hills city, California","Agoura Hills city, California",20189517,55687,19721,2529.88496902296,7.795216083526611
"0600450","SL160","Agua Dulce CDP, California","Agua Dulce CDP, California",59181047,14646,2828,123.76404599520282,22.849931716918945
"0600464","SL160","Aguanga CDP, California","Aguanga CDP, California",35222110,0,961,70.66522645439828,13.59933376312256
"0600478","SL160","Ahwahnee CDP, California","Ahwahnee CDP, California",29896182,0,1453,125.87736057086047,11.542981147766112
"0600535","SL160","Airport CDP, California","Airport CDP, California",451729,0,903,5177.35013103716,0.1744135469198227
"0600562","SL160","Alameda city, California","Alameda city, California",27061952,32453610,77238,7392.130643430945,10.448678970336914
"0600618","SL160","Alamo CDP, California","Alamo CDP, California",25422415,0,14488,1476.010251004255,9.81564998626709
"0600674","SL160","Albany city, California","Albany city, California",4636032,9521771,19414,10845.91863345094,1.7899820804595947
"0600716","SL160","Albion CDP, California","Albion CDP, California",4701873,96897,250,137.71044383479176,1.8154033422470093
"0600786","SL160","Alderpoint CDP, California","Alderpoint CDP, California",6288254,0,71,29.243274757209953,2.4279086589813232
"0600884","SL160","Alhambra city, California","Alhambra city, California",19764463,1730,81022,10617.33862731481,7.631102561950684
"0600898","SL160","Alhambra Valley CDP, California","Alhambra Valley CDP, California",4181518,0,979,606.382218994398,1.6144932508468628
"0600947","SL160","Aliso Viejo city, California","Aliso Viejo city, California",17937313,0,51113,7380.261522117362,6.92563533782959
"0600982","SL160","Alleghany CDP, California","Alleghany CDP, California",904298,0,19,54.41764870670487,0.3491514325141907
"0600996","SL160","Allendale CDP, California","Allendale CDP, California",15892908,164542,1734,282.5813410419447,6.13628625869751
"0601010","SL160","Allensworth CDP, California","Allensworth CDP, California",8035085,0,413,133.12429596187656,3.1023638248443604
"0601094","SL160","Almanor CDP, California","Almanor CDP, California",2287751,0,0,0,0.8833056092262268
"0601150","SL160","Alondra Park CDP, California","Alondra Park CDP, California",2861316,93791,8373,7579.019704014103,1.1047602891921997
"0601164","SL160","Alpaugh CDP, California","Alpaugh CDP, California",1082836,0,859,2054.6044661854025,0.41808533668518066
"0601192","SL160","Alpine CDP, California","Alpine CDP, California",69374324,1475,15180,566.7229286219049,26.78557586669922
"0601228","SL160","Alpine Village CDP, California","Alpine Village CDP, California",10569744,0,210,51.45795982464176,4.081001281738281
"0601276","SL160","Alta CDP, California","Alta CDP, California",6173301,17423,656,275.22263411417646,2.3835248947143555
"0601290","SL160","Altadena CDP, California","Altadena CDP, California",21925894,40734,41705,4926.387509459987,8.465635299682617
"0601358","SL160","Alta Sierra CDP (Kern County), California","Alta Sierra CDP (Kern County), California",2631092,1178,12,11.812531199621484,1.0158703327178955
"0601360","SL160","Alta Sierra CDP (Nevada County), California","Alta Sierra CDP (Nevada County), California",21551268,53117,7361,884.6301532390347,8.320991516113281
"0601416","SL160","Alto CDP, California","Alto CDP, California",325686,0,1024,8143.266258631253,0.12574806809425354
"0601444","SL160","Alturas city, California","Alturas city, California",7345639,46987,2681,945.2898606535596,2.836167097091675
"0601458","SL160","Alum Rock CDP, California","Alum Rock CDP, California",2250531,0,10440,12014.708635960453,0.8689349293708801
"0601514","SL160","Amador City city, California","Amador City city, California",801747,0,174,562.094941900363,0.309556245803833
"0601518","SL160","Amador Pines CDP, California","Amador Pines CDP, California",12561595,0,890,183.50292110820325,4.8500590324401855
"0601640","SL160","American Canyon city, California","American Canyon city, California",15763118,102525,21691,3563.9795970300615,6.086174011230469
"0601651","SL160","Amesti CDP, California","Amesti CDP, California",7612130,166652,2818,958.8099685324725,2.9390599727630615
"0602000","SL160","Anaheim city, California","Anaheim city, California",130206498,1567025,344521,6853.001208003661,50.27301025390625
"0602028","SL160","Anchor Bay CDP, California","Anchor Bay CDP, California",9097805,0,771,219.4903940113174,3.5126821994781494
"0602042","SL160","Anderson city, California","Anderson city, California",18210820,466513,11255,1600.7140421060612,7.0312371253967285
"0602112","SL160","Angels city, California","Angels city, California",9407811,12740,3716,1023.0217911178586,3.632376194000244
"0602168","SL160","Angwin CDP, California","Angwin CDP, California",12507052,108688,2931,606.9579627905075,4.828999996185303
"0602210","SL160","Antelope CDP, California","Antelope CDP, California",17705728,0,48301,7065.454027466637,6.8362202644348145
"0602252","SL160","Antioch city, California","Antioch city, California",75552859,1995937,116477,3992.8872673452697,29.17112159729004
"0602294","SL160","Anza CDP, California","Anza CDP, California",71470883,212166,1898,68.7804210188723,27.595062255859375
"0602364","SL160","Apple Valley town, California","Apple Valley town, California",199444691,182413,75473,980.0921138644576,77.00602722167969
"0602378","SL160","Aptos CDP, California","Aptos CDP, California",17037116,0,6404,973.538159627604,6.578067779541016
"0602382","SL160","Aptos Hills-Larkin Valley CDP, California","Aptos Hills-Larkin Valley CDP, California",23984497,85462,2127,229.68607485122504,9.260465621948242
"0602420","SL160","Arbuckle CDP, California","Arbuckle CDP, California",4559938,0,3093,1756.7854657729026,1.7606019973754885
"0602462","SL160","Arcadia city, California","Arcadia city, California",28300749,540015,55170,5048.970521224507,10.926980018615724
"0602476","SL160","Arcata city, California","Arcata city, California",24399923,5229392,18607,1975.0842164978217,9.42086410522461
"0602553","SL160","Arden-Arcade CDP, California","Arden-Arcade CDP, California",41184189,588891,94994,5973.975375629898,15.901304244995115
"0602700","SL160","Armona CDP, California","Armona CDP, California",5317203,0,3890,1894.8031027874408,2.05298376083374
"0602770","SL160","Arnold CDP, California","Arnold CDP, California",23482385,168745,2482,273.75201753567546,9.06659984588623
"0602812","SL160","Aromas CDP, California","Aromas CDP, California",12263807,27254,3245,685.31011094654,4.735082626342773
"0602868","SL160","Arroyo Grande city, California","Arroyo Grande city, California",15382200,0,18372,3093.3976029443775,5.939100742340088
"0602896","SL160","Artesia city, California","Artesia city, California",4196986,0,15889,9805.207825622474,1.6204653978347778
"0602910","SL160","Artois CDP, California","Artois CDP, California",7458262,0,336,116.68080328978024,2.8796510696411133
"0602924","SL160","Arvin city, California","Arvin city, California",12482061,0,19539,4054.280573757897,4.819350719451904
"0602980","SL160","Ashland CDP, California","Ashland CDP, California",4772238,0,22210,12053.806344340706,1.842571496963501
"0603026","SL160","Aspen Springs CDP, California","Aspen Springs CDP, California",9287926,1964,325,90.62799407890822,3.5860884189605713
"0603064","SL160","Atascadero city, California","Atascadero city, California",67524871,161112,29712,1139.635199859536,26.07150077819824
"0603092","SL160","Atherton town, California","Atherton town, California",12991701,82320,6993,1394.1042234120675,5.016124248504639
"0603162","SL160","Atwater city, California","Atwater city, California",17008587,11735,32162,4897.478485065612,6.567052841186523
"0603190","SL160","Auberry CDP, California","Auberry CDP, California",120251753,1032543,3240,69.78327618341815,46.42946243286133
"0603204","SL160","Auburn city, California","Auburn city, California",18588528,71271,13768,1918.3312828719224,7.1770710945129395
"0603205","SL160","Auburn Lake Trails CDP, California","Auburn Lake Trails CDP, California",32963739,56719,3284,258.0265553851875,12.727372169494627
"0603209","SL160","August CDP, California","August CDP, California",3252575,0,8825,7027.246091321255,1.2558262348175049
"0603274","SL160","Avalon city, California","Avalon city, California",7473920,12351270,3338,1156.7397427303813,2.8856966495513916
"0603302","SL160","Avenal city, California","Avenal city, California",50459974,0,13608,698.4656007817869,19.48270606994629
"0603316","SL160","Avery CDP, California","Avery CDP, California",5449102,47866,268,127.3818621217734,2.103910207748413
"0603330","SL160","Avila Beach CDP, California","Avila Beach CDP, California",15766061,575455,1303,214.05184436960164,6.087310314178467
"0603344","SL160","Avocado Heights CDP, California","Avocado Heights CDP, California",5829186,6069,12593,5595.244202569545,2.2506613731384277
"0603386","SL160","Azusa city, California","Azusa city, California",25022011,32168,49031,5075.119312868688,9.661053657531738
"0603512","SL160","Baker CDP, California","Baker CDP, California",6961528,0,339,126.1225838138245,2.687861204147339
"0603526","SL160","Bakersfield city, California","Bakersfield city, California",387916575,3792006,411986,2750.691367681699,149.7754364013672
"0603546","SL160","Bakersfield Country Club CDP, California","Bakersfield Country Club CDP, California",1963093,0,1707,2252.114142672521,0.757954478263855
"0603666","SL160","Baldwin Park city, California","Baldwin Park city, California",17176937,400379,70138,10575.610013558691,6.632052421569824
"0603694","SL160","Ballard CDP, California","Ballard CDP, California",7236936,13445,863,308.85440366234286,2.794196844100952
"0603708","SL160","Ballico CDP, California","Ballico CDP, California",7828206,0,447,147.8914352826733,3.0224874019622803
"0603792","SL160","Bangor CDP, California","Bangor CDP, California",34765044,0,597,44.47636613520477,13.422859191894531
"0603820","SL160","Banning city, California","Banning city, California",60183802,0,31093,1338.075934600631,23.237096786499023
"0604030","SL160","Barstow city, California","Barstow city, California",106964252,112301,25100,607.7609381581184,41.29913330078125
"0604198","SL160","Bass Lake CDP, California","Bass Lake CDP, California",4874800,1570518,499,265.11938733256005,1.8821709156036377
"0604415","SL160","Bay Point CDP, California","Bay Point CDP, California",16643645,2637541,24231,3770.688448606653,6.4261474609375
"0604470","SL160","Bayview CDP (Contra Costa County), California","Bayview CDP (Contra Costa County), California",789227,209670,2751,9027.89344868184,0.30472224950790405
"0604478","SL160","Bayview CDP (Humboldt County), California","Bayview CDP (Humboldt County), California",1895402,0,2803,3830.182813112,0.7318188548088074
"0604549","SL160","Baywood Park CDP, California","Baywood Park CDP, California",1421591,0,1580,2878.592352335864,0.5488793849945068
"0604576","SL160","Beale AFB CDP, California","Beale AFB CDP, California",26139571,25614,1344,133.1675937211708,10.09254550933838
"0604632","SL160","Bear Creek CDP, California","Bear Creek CDP, California",148411,0,346,6038.203874868782,0.05730180814862251
"0604716","SL160","Bear Valley CDP (Alpine County), California","Bear Valley CDP (Alpine County), California",13352822,56384,120,23.27586991466873,5.155553817749023
"0604730","SL160","Bear Valley CDP (Mariposa County), California","Bear Valley CDP (Mariposa County), California",6318984,3006,214,87.71305810760947,2.4397735595703125
"0604734","SL160","Bear Valley Springs CDP, California","Bear Valley Springs CDP, California",100685639,173880,5912,152.07739426207849,38.874942779541016
"0604758","SL160","Beaumont city, California","Beaumont city, California",78521803,35531,56266,1855.8955993207703,30.31743812561035
"0604772","SL160","Beckwourth CDP, California","Beckwourth CDP, California",30257790,13194,388,33.2117904094108,11.682598114013672
"0604856","SL160","Belden CDP, California","Belden CDP, California",1578657,299647,0,0,0.6095228791236877
"0604870","SL160","Bell city, California","Bell city, California",6495837,307162,32476,12948.669653929212,2.508056879043579
"0604926","SL160","Bella Vista CDP, California","Bella Vista CDP, California",68485004,508710,4511,170.5984410387862,26.442211151123047
"0604938","SL160","Bell Canyon CDP, California","Bell Canyon CDP, California",9428673,0,2177,598.0060879915777,3.6404311656951904
"0604982","SL160","Bellflower city, California","Bellflower city, California",15843604,130870,76819,12557.767040931254,6.117249965667725
"0604996","SL160","Bell Gardens city, California","Bell Gardens city, California",6368687,14400,38229,15546.792065887104,2.4589638710021973
"0605108","SL160","Belmont city, California","Belmont city, California",11990538,23653,27337,5904.864396217992,4.629572868347168
"0605164","SL160","Belvedere city, California","Belvedere city, California",1345174,4888515,2345,4515.045517038764,0.5193746089935303
"0605262","SL160","Benbow CDP, California","Benbow CDP, California",12641980,0,316,64.73956000156305,4.881095886230469
"0605276","SL160","Bend CDP, California","Bend CDP, California",7548202,663196,593,203.47400379456963,2.914377212524414
"0605290","SL160","Benicia city, California","Benicia city, California",33185400,3386032,26749,2087.6527080002415,12.812954902648926
"0605332","SL160","Ben Lomond CDP, California","Ben Lomond CDP, California",21674901,0,6858,819.4795937891192,8.368725776672363
"0605346","SL160","Benton CDP, California","Benton CDP, California",73732744,52423,292,10.25699665796262,28.468372344970703
"0605356","SL160","Benton Park CDP, California","Benton Park CDP, California",1942378,0,5707,7609.776025458227,0.7499563694000244
"0606000","SL160","Berkeley city, California","Berkeley city, California",27018309,18712737,120257,11527.893792274745,10.431827545166016
"0606028","SL160","Bermuda Dunes CDP, California","Bermuda Dunes CDP, California",7633069,0,7971,2704.6519019967286,2.9471445083618164
"0606070","SL160","Berry Creek CDP, California","Berry Creek CDP, California",147940054,154403,760,13.305327709145772,57.11997604370117
"0606150","SL160","Bertsch-Oceanview CDP, California","Bertsch-Oceanview CDP, California",13727497,708911,2250,424.5109470138619,5.3002166748046875
"0606210","SL160","Bethel Island CDP, California","Bethel Island CDP, California",13599678,1468013,1864,354.98909930136256,5.250865459442139
"0606308","SL160","Beverly Hills city, California","Beverly Hills city, California",14783449,2279,31624,5540.370050741914,5.707921981811523
"0606336","SL160","Bieber CDP, California","Bieber CDP, California",8944480,148149,266,77.02368650292254,3.4534831047058105
"0606406","SL160","Big Bear City CDP, California","Big Bear City CDP, California",82917622,44975,11431,357.05500523982556,32.01467514038086
"0606434","SL160","Big Bear Lake city, California","Big Bear Lake city, California",16164304,474774,5041,807.7136565677341,6.241073131561279
"0606475","SL160","Big Bend CDP, California","Big Bend CDP, California",14852515,230960,67,11.683489431457032,5.734588146209717
"0606518","SL160","Big Creek CDP, California","Big Creek CDP, California",1191495,0,69,149.98734531713183,0.46003881096839905
"0606560","SL160","Biggs city, California","Biggs city, California",2317099,0,2307,2578.699549978887,0.8946369886398315
"0606567","SL160","Big Lagoon CDP, California","Big Lagoon CDP, California",1573136,0,138,227.2011700499709,0.6073912382125854
"0606616","SL160","Big Pine CDP, California","Big Pine CDP, California",7636605,4831,1615,547.7343363511088,2.948509693145752
"0606635","SL160","Big River CDP, California","Big River CDP, California",28050915,1344398,1140,105.258107097506,10.830519676208496
"0606728","SL160","Biola CDP, California","Biola CDP, California",1675805,0,1070,1653.7050121160953,0.6470319628715515
"0606798","SL160","Bishop city, California","Bishop city, California",4827233,122068,3778,2027.035900010048,1.8638051748275757
"0606928","SL160","Blackhawk CDP, California","Blackhawk CDP, California",14958249,31771,10137,1755.1992858604228,5.775412559509277
"0606935","SL160","Blacklake CDP, California","Blacklake CDP, California",2707660,0,983,940.2798858938776,1.0454334020614624
"0606982","SL160","Black Point-Green Point CDP, California","Black Point-Green Point CDP, California",7322458,181453,1655,585.3813413781696,2.827216863632202
"0606994","SL160","Blairsden CDP, California","Blairsden CDP, California",1402709,0,0,0,0.5415890216827393
"0607036","SL160","Bloomfield CDP, California","Bloomfield CDP, California",21076160,17431,324,39.81541716293553,8.137551307678223
"0607064","SL160","Bloomington CDP, California","Bloomington CDP, California",15726088,0,25698,4232.2991701750225,6.0718770027160645
"0607162","SL160","Blue Lake city, California","Blue Lake city, California",1537386,75886,982,1654.3459611166256,0.5935880541801453
"0607172","SL160","Bluewater CDP, California","Bluewater CDP, California",2711814,766390,177,169.0484278766757,1.0470372438430786
"0607218","SL160","Blythe city, California","Blythe city, California",68849468,2027110,17396,654.4048758451536,26.582931518554688
"0607246","SL160","Bodega CDP, California","Bodega CDP, California",7515783,0,134,46.177275626795,2.901860237121582
"0607260","SL160","Bodega Bay CDP, California","Bodega Bay CDP, California",21612540,10823439,1139,136.49466708449535,8.344648361206055
"0607274","SL160","Bodfish CDP, California","Bodfish CDP, California",21273286,31784,1694,206.2417432778231,8.213662147521973
"0607316","SL160","Bolinas CDP, California","Bolinas CDP, California",15090532,0,1334,228.95442575674383,5.826487064361572
"0607372","SL160","Bombay Beach CDP, California","Bombay Beach CDP, California",1719105,0,356,536.3463772957324,0.663750171661377
"0607378","SL160","Bonadelle Ranchos CDP, California","Bonadelle Ranchos CDP, California",23343618,0,5465,606.3449442261099,9.013021469116213
"0607414","SL160","Bonita CDP, California","Bonita CDP, California",12993682,359832,12652,2521.881540462338,5.0168890953063965
"0607470","SL160","Bonny Doon CDP, California","Bonny Doon CDP, California",42898133,0,3149,190.12184299181868,16.56306266784668
"0607498","SL160","Bonsall CDP, California","Bonsall CDP, California",35286264,451966,4332,317.9658746227401,13.624103546142578
"0607512","SL160","Boonville CDP, California","Boonville CDP, California",14355353,0,667,120.33991663959564,5.542633056640625
"0607525","SL160","Bootjack CDP, California","Bootjack CDP, California",9924991,80795,400,104.38248355438654,3.8320605754852295
"0607568","SL160","Boron CDP, California","Boron CDP, California",35516742,24136,2698,196.74629393988644,13.713091850280762
"0607578","SL160","Boronda CDP, California","Boronda CDP, California",1486322,0,1351,2354.18290010456,0.5738721489906311
"0607596","SL160","Borrego Springs CDP, California","Borrego Springs CDP, California",112422778,0,2700,62.20241150209161,43.40667724609375
"0607624","SL160","Bostonia CDP, California","Bostonia CDP, California",4989175,0,16765,8703.07208297817,1.9263312816619873
"0607652","SL160","Boulder Creek CDP, California","Boulder Creek CDP, California",19456234,0,4632,616.6056619003017,7.512094497680664
"0607694","SL160","Boulevard CDP, California","Boulevard CDP, California",10115840,0,752,192.53674868119649,3.905747890472412
"0607750","SL160","Bowles CDP, California","Bowles CDP, California",985992,0,98,257.4248387676835,0.380693644285202
"0607848","SL160","Boyes Hot Springs CDP, California","Boyes Hot Springs CDP, California",2746385,0,7247,6834.308715440179,1.0603852272033691
"0607946","SL160","Bradbury city, California","Bradbury city, California",5084268,3236,788,401.4167958170988,1.963046908378601
"0607974","SL160","Bradley CDP, California","Bradley CDP, California",222711,0,112,1302.4891561807513,0.08598919957876205
"0608058","SL160","Brawley city, California","Brawley city, California",21024324,0,27283,3360.994637244173,8.117537498474121
"0608100","SL160","Brea city, California","Brea city, California",31513797,99672,47469,3901.279901330836,12.167545318603516
"0608142","SL160","Brentwood city, California","Brentwood city, California",38501266,0,65208,4386.555799882009,14.865421295166016
"0608172","SL160","Bret Harte CDP, California","Bret Harte CDP, California",1425057,0,4757,8645.669920009706,0.5502176284790039
"0608240","SL160","Bridgeport CDP, California","Bridgeport CDP, California",56306218,21149,303,13.937473218976388,21.739952087402344
"0608310","SL160","Brisbane city, California","Brisbane city, California",7731718,43981531,4692,1571.7365754663674,2.9852330684661865
"0608338","SL160","Broadmoor CDP, California","Broadmoor CDP, California",1118795,0,4586,10616.4977657358,0.43196919560432434
"0608478","SL160","Brookdale CDP, California","Brookdale CDP, California",9963087,0,1378,358.2226526588549,3.8467695713043217
"0608506","SL160","Brooks CDP, California","Brooks CDP, California",11146719,0,0,0,4.303772449493408
"0608530","SL160","Brooktrails CDP, California","Brooktrails CDP, California",18835634,122096,4398,604.745639738638,7.272479057312012
"0608680","SL160","Buckhorn CDP, California","Buckhorn CDP, California",12772523,0,3504,710.534463638585,4.931499004364014
"0608716","SL160","Buck Meadows CDP, California","Buck Meadows CDP, California",1386273,0,0,0,0.535243034362793
"0608744","SL160","Bucks Lake CDP, California","Bucks Lake CDP, California",26784856,21082,20,1.9339197010268028,10.34169101715088
"0608758","SL160","Buellton city, California","Buellton city, California",4097750,1684,5074,3207.027963000106,1.5821502208709717
"0608786","SL160","Buena Park city, California","Buena Park city, California",27271037,65361,82871,7870.434067275235,10.529406547546388
"0608828","SL160","Buena Vista CDP, California","Buena Vista CDP, California",4370822,0,493,292.13361965686386,1.6875839233398438
"0608954","SL160","Burbank city, California","Burbank city, California",44848115,94723,104546,6037.5535036608835,17.315954208374023
"0608968","SL160","Burbank CDP, California","Burbank CDP, California",1078043,0,5333,12812.48106496958,0.4162347614765167
"0609066","SL160","Burlingame city, California","Burlingame city, California",11378104,4261690,30525,6948.379342671638,4.393110752105713
"0609122","SL160","Burney CDP, California","Burney CDP, California",13915869,12780,2668,496.56173655273614,5.3729472160339355
"0609150","SL160","Burnt Ranch CDP, California","Burnt Ranch CDP, California",34655000,3143,318,23.766156990110577,13.38037109375
"0609310","SL160","Butte Creek Canyon CDP, California","Butte Creek Canyon CDP, California",53133631,68391,713,34.75503892142025,20.51501083374023
"0609318","SL160","Butte Meadows CDP, California","Butte Meadows CDP, California",5554035,1292,25,11.658137256972973,2.1444249153137207
"0609324","SL160","Butte Valley CDP, California","Butte Valley CDP, California",47368451,29332,1087,59.43442973088424,18.2890625
"0609332","SL160","Buttonwillow CDP, California","Buttonwillow CDP, California",17941128,0,1163,167.89111294674817,6.9271087646484375
"0609346","SL160","Byron CDP, California","Byron CDP, California",16889207,0,1837,281.70699422994966,6.520959854125977
"0609353","SL160","Bystrom CDP, California","Bystrom CDP, California",1408724,28574,4143,7617.049430052802,0.5439113974571228
"0609360","SL160","Cabazon CDP, California","Cabazon CDP, California",12672881,0,1887,385.65085907692514,4.893026828765869
"0609598","SL160","Calabasas city, California","Calabasas city, California",35502601,90645,22669,1653.7503684038388,13.70763111114502
"0609710","SL160","Calexico city, California","Calexico city, California",22324358,0,38585,4476.486585854701,8.61948299407959
"0609780","SL160","California City city, California","California City city, California",527349258,220795,14414,70.79196182805087,203.61068725585935
"0609822","SL160","California Hot Springs CDP, California","California Hot Springs CDP, California",2334885,0,21,23.294401685187108,0.9015041589736938
"0609834","SL160","California Pines CDP, California","California Pines CDP, California",19236734,366425,427,57.49026220717398,7.427344799041748
"0609835","SL160","California Polytechnic State University CDP, California","California Polytechnic State University CDP, California",3986949,22384,7915,5141.714812219991,1.5393697023391724
"0609864","SL160","Calimesa city, California","Calimesa city, California",38481124,0,10902,733.7636129212149,14.857645988464355
"0609878","SL160","Calipatria city, California","Calipatria city, California",9579219,0,6548,1770.4200132096737,3.698557376861572
"0609892","SL160","Calistoga city, California","Calistoga city, California",6673845,46827,5111,1983.4786117908657,2.5767860412597656
"0609948","SL160","Callender CDP, California","Callender CDP, California",5921649,0,2230,975.3488426899916,2.2863614559173584
"0609990","SL160","Calpella CDP, California","Calpella CDP, California",6598677,64954,474,186.0455195279473,2.5477635860443115
"0610004","SL160","Calpine CDP, California","Calpine CDP, California",1838557,5712,356,501.4996566231925,0.7098708748817444
"0610032","SL160","Calwa CDP, California","Calwa CDP, California",1470052,29829,1862,3280.535294985553,0.5675902962684631
"0610042","SL160","Camanche North Shore CDP, California","Camanche North Shore CDP, California",6039084,0,824,353.389711297887,2.3317034244537354
"0610044","SL160","Camanche Village CDP, California","Camanche Village CDP, California",14082639,39226,2291,421.34593314363343,5.437337398529053
"0610046","SL160","Camarillo city, California","Camarillo city, California",50986168,42884,70186,3565.298155054914,19.685871124267575
"0610074","SL160","Cambria CDP, California","Cambria CDP, California",21803724,0,5978,710.1056503494063,8.418465614318848
"0610088","SL160","Cambrian Park CDP, California","Cambrian Park CDP, California",1580255,0,3494,5726.555439684211,0.6101399064064026
"0610256","SL160","Cameron Park CDP, California","Cameron Park CDP, California",29078546,186312,18315,1631.2930145735031,11.227290153503418
"0610270","SL160","Camino CDP, California","Camino CDP, California",6659897,0,2079,808.5087814490105,2.5714006423950195
"0610301","SL160","Camino Tassajara CDP, California","Camino Tassajara CDP, California",3305050,0,5831,4569.437500198513,1.2760870456695557
"0610345","SL160","Campbell city, California","Campbell city, California",15748875,50285,42781,7035.567452576438,6.08067512512207
"0610494","SL160","Camp Nelson CDP, California","Camp Nelson CDP, California",3207672,0,150,121.11531205482616,1.2384891510009766
"0610508","SL160","Campo CDP, California","Campo CDP, California",60877895,16844,2729,116.10251816133098,23.505088806152344
"0610536","SL160","Campo Seco CDP, California","Campo Seco CDP, California",,,132,,
"0610554","SL160","Camp Pendleton Mainside CDP, California","Camp Pendleton Mainside CDP, California",27834793,525021,9501,884.054570346373,10.747074127197266
"0610561","SL160","Camp Pendleton South CDP, California","Camp Pendleton South CDP, California",17990420,1039205,15766,2269.7497233494187,6.946140289306641
"0610676","SL160","Camptonville CDP, California","Camptonville CDP, California",2221241,0,42,48.97239810249464,0.8576259613037109
"0610732","SL160","Canby CDP, California","Canby CDP, California",5933540,76979,259,113.05340436709434,2.290952682495117
"0610816","SL160","Cantua Creek CDP, California","Cantua Creek CDP, California",9832915,0,420,110.62791934822756,3.796509981155395
"0610914","SL160","Canyondam CDP, California","Canyondam CDP, California",1985597,0,11,14.348262548202513,0.7666433453559875
"0610928","SL160","Canyon Lake city, California","Canyon Lake city, California",10150943,1917245,11119,2836.9852761838633,3.919301271438598
"0611040","SL160","Capitola city, California","Capitola city, California",4129576,213680,9689,6076.748101362545,1.5944383144378662
"0611166","SL160","Caribou CDP, California","Caribou CDP, California",419798,0,0,0,0.1620849221944809
"0611194","SL160","Carlsbad city, California","Carlsbad city, California",97832258,3378580,114373,3027.883748281918,37.77324676513672
"0611250","SL160","Carmel-by-the-Sea city, California","Carmel-by-the-Sea city, California",2748715,0,3162,2979.4076557880967,1.0612847805023191
"0611324","SL160","Carmel Valley Village CDP, California","Carmel Valley Village CDP, California",49166228,507112,4785,252.06516008740175,18.98318672180176
"0611376","SL160","Carmet CDP, California","Carmet CDP, California",742472,0,85,296.50811914813636,0.286670058965683
"0611390","SL160","Carmichael CDP, California","Carmichael CDP, California",39714478,602793,76948,5018.179702045638,15.333847045898438
"0611418","SL160","Carnelian Bay CDP, California","Carnelian Bay CDP, California",3364143,516530,391,301.02325075982094,1.298902988433838
"0611446","SL160","Carpinteria city, California","Carpinteria city, California",6704026,17313119,13036,5036.240012526827,2.5884389877319336
"0611481","SL160","Carrick CDP, California","Carrick CDP, California",152301,0,10,170.05718652967678,0.0588037483394146
"0611530","SL160","Carson city, California","Carson city, California",48512253,612009,92871,4958.227321152139,18.73068618774414
"0611600","SL160","Cartago CDP, California","Cartago CDP, California",3028826,7192,49,41.90052806626909,1.1694363355636597
"0611614","SL160","Caruthers CDP, California","Caruthers CDP, California",5238364,0,1683,832.1204758178052,2.022543668746948
"0611656","SL160","Casa Conejo CDP, California","Casa Conejo CDP, California",1221471,0,2671,5663.546703370485,0.4716126024723053
"0611691","SL160","Casa de Oro-Mount Helix CDP, California","Casa de Oro-Mount Helix CDP, California",17743954,0,19765,2884.9889998604494,6.850979328155518
"0611696","SL160","Casa Loma CDP, California","Casa Loma CDP, California",1007621,0,1587,4079.2230640730745,0.3890446722507477
"0611754","SL160","Casmalia CDP, California","Casmalia CDP, California",433975,0,55,328.2432063609142,0.1675586849451065
"0611768","SL160","Caspar CDP, California","Caspar CDP, California",7748981,0,279,93.25182541430615,2.991898536682129
"0611782","SL160","Cassel CDP, California","Cassel CDP, California",5246417,193675,118,58.25281663989981,2.025653123855591
"0611796","SL160","Castaic CDP, California","Castaic CDP, California",18807882,44614,17999,2478.5988469516396,7.261764049530029
"0611824","SL160","Castella CDP, California","Castella CDP, California",2898121,173038,204,182.31037580348513,1.1189708709716797
"0611915","SL160","Castle Hill CDP, California","Castle Hill CDP, California",1513889,0,1026,1755.2989712587955,0.5845158100128174
"0611964","SL160","Castro Valley CDP, California","Castro Valley CDP, California",43637185,571600,65001,3857.9898032698543,16.848411560058594
"0611978","SL160","Castroville CDP, California","Castroville CDP, California",2646281,0,6720,6577.0489350459275,1.0217348337173462
"0612048","SL160","Cathedral City city, California","Cathedral City city, California",58259920,665524,52267,2323.568297810604,22.494281768798828
"0612062","SL160","Catheys Valley CDP, California","Catheys Valley CDP, California",61148098,148425,939,39.772271938932306,23.609413146972656
"0612132","SL160","Cayucos CDP, California","Cayucos CDP, California",8028952,2418782,2427,782.9042735049309,3.0999958515167236
"0612146","SL160","Cazadero CDP, California","Cazadero CDP, California",18431243,3546,483,67.87193452931757,7.1163434982299805
"0612216","SL160","Cedar Flat CDP, California","Cedar Flat CDP, California",2796525,378138,1089,1008.572085702627,1.0797443389892578
"0612300","SL160","Cedar Ridge CDP, California","Cedar Ridge CDP, California",20223241,22466,1671,214.00477262373388,7.808237075805664
"0612314","SL160","Cedar Slope CDP, California","Cedar Slope CDP, California",746300,0,0,0,0.28814804553985596
"0612328","SL160","Cedarville CDP, California","Cedarville CDP, California",14095281,8675,575,105.65543635592596,5.442218780517578
"0612412","SL160","Centerville CDP (Fresno County), California","Centerville CDP (Fresno County), California",21012392,0,248,30.568486464831885,8.112930297851562
"0612415","SL160","Centerville CDP (Shasta County), California","Centerville CDP (Shasta County), California",20886426,105845,1954,242.30264949516476,8.064294815063477
"0612524","SL160","Ceres city, California","Ceres city, California",24601754,14310,49342,5194.555954074836,9.498790740966797
"0612552","SL160","Cerritos city, California","Cerritos city, California",22602740,338649,47867,5484.952650715428,8.726966857910156
"0612594","SL160","Chalfant CDP, California","Chalfant CDP, California",72616470,73304,483,17.227002990068954,28.037378311157227
"0612612","SL160","Challenge-Brownsville CDP, California","Challenge-Brownsville CDP, California",25135642,0,887,91.39687980556492,9.704926490783691
"0612669","SL160","Channel Islands Beach CDP, California","Channel Islands Beach CDP, California",1094556,580485,2726,6450.384566812882,0.42261046171188354
"0612730","SL160","Charleston View CDP, California","Charleston View CDP, California",1949194,0,0,0,0.7525880336761475
"0612734","SL160","Charter Oak CDP, California","Charter Oak CDP, California",2402920,0,9442,10177.062332826785,0.9277726411819458
"0612818","SL160","Cherokee CDP, California","Cherokee CDP, California",4533846,442052,99,56.55436987537601,1.7505278587341309
"0612860","SL160","Cherokee Strip CDP, California","Cherokee Strip CDP, California",234735,0,118,1301.9728012442886,0.09063169360160828
"0612902","SL160","Cherryland CDP, California","Cherryland CDP, California",3090815,0,14143,11851.308432283964,1.193370342254639
"0612916","SL160","Cherry Valley CDP, California","Cherry Valley CDP, California",20772762,0,6668,831.3790864408214,8.020408630371094
"0612930","SL160","Chester CDP, California","Chester CDP, California",18874561,209672,1759,241.37193156872928,7.287508487701416
"0613014","SL160","Chico city, California","Chico city, California",88423543,445035,102188,2993.1586866334446,34.14052200317383
"0613077","SL160","Chilcoot-Vinton CDP, California","Chilcoot-Vinton CDP, California",34207854,0,686,51.93929110960506,13.207727432250977
"0613157","SL160","China Lake Acres CDP, California","China Lake Acres CDP, California",13491529,2579,2594,497.9738540516993,5.209108829498291
"0613182","SL160","Chinese Camp CDP, California","Chinese Camp CDP, California",2325639,6504,69,76.84304211190603,0.8979342579841614
"0613210","SL160","Chino city, California","Chino city, California",76677037,249662,92652,3129.588387203514,29.60517120361328
"0613214","SL160","Chino Hills city, California","Chino Hills city, California",115642342,123913,77927,1745.2948886115255,44.64976119995117
"0613278","SL160","Choctaw Valley CDP, California","Choctaw Valley CDP, California",5885507,0,34,14.962108098841211,2.272407054901123
"0613294","SL160","Chowchilla city, California","Chowchilla city, California",28713589,119504,19020,1715.618770758761,11.086379051208496
"0613364","SL160","Chualar CDP, California","Chualar CDP, California",1621710,0,812,1296.8226023783188,0.6261457800865173
"0613392","SL160","Chula Vista city, California","Chula Vista city, California",128560729,6360807,276375,5567.858392509241,49.637577056884766
"0613560","SL160","Citrus CDP, California","Citrus CDP, California",2268957,3901,10904,12446.78922607241,0.8760492205619812
"0613588","SL160","Citrus Heights city, California","Citrus Heights city, California",36820409,0,86995,6119.324149157407,14.216439247131348
"0613756","SL160","Claremont city, California","Claremont city, California",34537097,352454,36595,2744.313359152564,13.334847450256348
"0613784","SL160","Clarksburg CDP, California","Clarksburg CDP, California",5256094,0,288,141.91460871845408,2.0293893814086914
"0613854","SL160","Clay CDP, California","Clay CDP, California",17496807,0,1302,192.73026104175443,6.755555629730225
"0613882","SL160","Clayton city, California","Clayton city, California",9945279,0,10937,2848.2558421307463,3.8398938179016113
"0613910","SL160","Clear Creek CDP, California","Clear Creek CDP, California",2934098,19595,172,151.8279001070384,1.132861614227295
"0613945","SL160","Clearlake city, California","Clearlake city, California",26235110,1167608,16659,1644.6133292158909,10.129432678222656
"0613966","SL160","Clearlake Oaks CDP, California","Clearlake Oaks CDP, California",5123125,442546,2198,1111.195506754501,1.9780497550964355
"0613985","SL160","Clearlake Riviera CDP, California","Clearlake Riviera CDP, California",13696201,4029,4122,779.4811301946372,5.288133144378662
"0614008","SL160","Cleone CDP, California","Cleone CDP, California",4126679,62762,613,384.73130763104314,1.5933197736740112
"0614106","SL160","Clio CDP, California","Clio CDP, California",1514932,0,91,155.57721440432147,0.5849185585975647
"0614148","SL160","Clipper Mills CDP, California","Clipper Mills CDP, California",4503147,0,414,238.11237223400215,1.738674879074097
"0614190","SL160","Cloverdale city, California","Cloverdale city, California",8120471,0,8886,2834.1499549752125,3.135331630706787
"0614218","SL160","Clovis city, California","Clovis city, California",65823951,309836,124725,4907.579308408568,25.414770126342773
"0614232","SL160","Clyde CDP, California","Clyde CDP, California",364483,0,653,4640.167320992262,0.1407276839017868
"0614260","SL160","Coachella city, California","Coachella city, California",77895736,0,43307,1439.9326508474103,30.075712203979492
"0614274","SL160","Coalinga city, California","Coalinga city, California",17734580,79727,17203,2512.355077435828,6.847360134124756
"0614288","SL160","Coarsegold CDP, California","Coarsegold CDP, California",44620400,172119,3967,230.26424344842837,17.2280330657959
"0614302","SL160","Cobb CDP, California","Cobb CDP, California",12897761,22376,842,169.08127478213743,4.979853630065918
"0614406","SL160","Coffee Creek CDP, California","Coffee Creek CDP, California",29833225,48535,280,24.308355778723392,11.518672943115234
"0614442","SL160","Cohasset CDP, California","Cohasset CDP, California",64868861,0,573,22.87789811855182,25.04600715637207
"0614450","SL160","Cold Springs CDP (El Dorado County), California","Cold Springs CDP (El Dorado County), California",2526035,0,449,460.3675880859107,0.9753075838088988
"0614454","SL160","Cold Springs CDP (Tuolumne County), California","Cold Springs CDP (Tuolumne County), California",4492222,0,19,10.954439194767003,1.7344566583633425
"0614484","SL160","Coleville CDP, California","Coleville CDP, California",49897132,0,284,14.741460939053898,19.265390396118164
"0614498","SL160","Colfax city, California","Colfax city, California",3641506,0,2407,1711.9568972439038,1.4059933423995972
"0614554","SL160","College City CDP, California","College City CDP, California",7599771,0,557,189.8245827515646,2.934288024902344
"0614708","SL160","Collierville CDP, California","Collierville CDP, California",17080884,25477,2546,386.052004074719,6.594966411590576
"0614736","SL160","Colma town, California","Colma town, California",4896408,0,1636,865.3732224908362,1.8905137777328491
"0614764","SL160","Coloma CDP, California","Coloma CDP, California",8689800,0,462,137.69873289236995,3.3551506996154785
"0614890","SL160","Colton city, California","Colton city, California",40273862,1320788,53772,3458.0449870669895,15.549826622009276
"0614904","SL160","Columbia CDP, California","Columbia CDP, California",15439975,47252,2235,374.9114216237286,5.9614081382751465
"0614946","SL160","Colusa city, California","Colusa city, California",8868061,0,6505,1899.837187734203,3.4239776134490967
"0614974","SL160","Commerce city, California","Commerce city, California",16921570,3306,11993,1835.629110892354,6.533454895019531
"0615030","SL160","Comptche CDP, California","Comptche CDP, California",2987584,0,163,141.3075015971905,1.153512716293335
"0615044","SL160","Compton city, California","Compton city, California",25974517,230555,92698,9243.163811408109,10.028817176818848
"0616000","SL160","Concord city, California","Concord city, California",79130630,0,124035,4059.7320092489135,30.552509307861328
"0616035","SL160","Concow CDP, California","Concow CDP, California",70981496,968640,183,6.677342931978165,27.406110763549805
"0616090","SL160","Contra Costa Centre CDP, California","Contra Costa Centre CDP, California",1649047,0,6893,10826.124041945452,0.6367006301879883
"0616210","SL160","Copperopolis CDP, California","Copperopolis CDP, California",40377349,63065,4285,274.859524375957,15.589781761169434
"0616224","SL160","Corcoran city, California","Corcoran city, California",19315216,0,22491,3015.8306583982844,7.45764684677124
"0616322","SL160","Corning city, California","Corning city, California",9186897,0,8155,2299.0735240028994,3.547080993652344
"0616350","SL160","Corona city, California","Corona city, California",103445845,53210,159670,3997.679938675514,39.94066619873047
"0616378","SL160","Coronado city, California","Coronado city, California",20215844,63957492,19015,2436.1397955937755,7.8053812980651855
"0616420","SL160","Coronita CDP, California","Coronita CDP, California",1559609,0,2763,4588.417148270118,0.6021684408187866
"0616434","SL160","Corralitos CDP, California","Corralitos CDP, California",23273553,37138,1884,209.6602031462872,8.985968589782715
"0616462","SL160","Corte Madera town, California","Corte Madera town, California",8184887,3216812,10077,3188.7194664051676,3.160202741622925
"0616532","SL160","Costa Mesa city, California","Costa Mesa city, California",40937896,24554,110330,6980.16769264028,15.8062105178833
"0616560","SL160","Cotati city, California","Cotati city, California",4854614,8380,7489,3995.460865687312,1.8743770122528076
"0616580","SL160","Coto de Caza CDP, California","Coto de Caza CDP, California",20200732,60610,15190,1947.54907535596,7.799546718597412
"0616623","SL160","Cottonwood CDP (Kern County), California","Cottonwood CDP (Kern County), California",1199441,0,3107,6709.035854867197,0.4631067812442779
"0616630","SL160","Cottonwood CDP (Shasta County), California","Cottonwood CDP (Shasta County), California",34251530,0,7408,560.1686226431164,13.224589347839355
"0616644","SL160","Coulterville CDP, California","Coulterville CDP, California",1007403,1813,0,0,0.3889604806900024
"0616651","SL160","Country Club CDP, California","Country Club CDP, California",4964750,438737,10161,5300.743911196235,1.9169007539749143
"0616714","SL160","Courtland CDP, California","Courtland CDP, California",4662083,0,496,275.54937647323646,1.800040364265442
"0616728","SL160","Covelo CDP, California","Covelo CDP, California",18377116,111658,1286,181.2430450989118,7.095444679260254
"0616742","SL160","Covina city, California","Covina city, California",18222856,32773,49888,7090.508783713859,7.035884380340576
"0616762","SL160","Cowan CDP, California","Cowan CDP, California",365090,0,497,3525.7716686066296,0.14096204936504364
"0617022","SL160","Crescent City city, California","Crescent City city, California",5085115,1169624,6046,3079.3928933104025,1.9633740186691284
"0617050","SL160","Crescent Mills CDP, California","Crescent Mills CDP, California",10985561,0,63,14.853064240571824,4.241549015045166
"0617078","SL160","Cressey CDP, California","Cressey CDP, California",4554487,0,386,219.5055900326377,1.7584973573684692
"0617106","SL160","Crest CDP, California","Crest CDP, California",16913607,0,2775,424.93693958927656,6.530380725860596
"0617162","SL160","Crestline CDP, California","Crestline CDP, California",36012359,308820,9835,707.3274890666057,13.90445041656494
"0617232","SL160","Creston CDP, California","Creston CDP, California",1460395,12359,0,0,0.5638616681098938
"0617267","SL160","C-Road CDP, California","C-Road CDP, California",6891297,0,0,0,2.6607446670532227
"0617274","SL160","Crockett CDP, California","Crockett CDP, California",2751227,0,3372,3174.3796713193897,1.062254786491394
"0617288","SL160","Cromberg CDP, California","Cromberg CDP, California",23385108,0,154,17.05607439914251,9.029041290283203
"0617372","SL160","Crowley Lake CDP, California","Crowley Lake CDP, California",7475668,6392,1069,370.361181267305,2.886371612548828
"0617428","SL160","Crows Landing CDP, California","Crows Landing CDP, California",4282672,0,335,202.5945459922281,1.6535489559173584
"0617498","SL160","Cudahy city, California","Cudahy city, California",3046449,131179,22087,18777.62142150098,1.1762405633926392
"0617568","SL160","Culver City city, California","Culver City city, California",13239286,71360,39931,7811.660592564511,5.111717224121094
"0617610","SL160","Cupertino city, California","Cupertino city, California",29338791,2520,58566,5170.125617305699,11.327771186828612
"0617708","SL160","Cutler CDP, California","Cutler CDP, California",3168966,0,4361,3564.2342613196215,1.223544716835022
"0617722","SL160","Cutten CDP, California","Cutten CDP, California",3318362,0,3550,2770.781977814993,1.2812267541885376
"0617727","SL160","Cuyama CDP, California","Cuyama CDP, California",1174244,11429,21,46.318948188987896,0.4533781707286834
"0617750","SL160","Cypress city, California","Cypress city, California",17127354,22003,49498,7485.057059800155,6.612908840179443
"0617876","SL160","Dales CDP, California","Dales CDP, California",1671161,21566,91,141.03303960199946,0.6452388763427734
"0617918","SL160","Daly City city, California","Daly City city, California",19783516,0,101964,13348.766239409691,7.638458728790283
"0617946","SL160","Dana Point city, California","Dana Point city, California",16804059,683445,32790,5053.880067164963,6.488084316253662
"0617988","SL160","Danville town, California","Danville town, California",46821256,0,43401,2400.791339240647,18.077789306640625
"0617995","SL160","Daphnedale Park CDP, California","Daphnedale Park CDP, California",2142441,4621,106,128.14295872095755,0.8272011280059814
"0618030","SL160","Darwin CDP, California","Darwin CDP, California",3484705,0,61,45.337917228511905,1.3454521894454956
"0618086","SL160","Davenport CDP, California","Davenport CDP, California",7367925,0,403,141.66338094767966,2.8447718620300293
"0618100","SL160","Davis city, California","Davis city, California",25826324,90331,66978,6716.876211316395,9.971599578857422
"0618153","SL160","Day Valley CDP, California","Day Valley CDP, California",47922346,0,3579,193.42890754015625,18.50292205810547
"0618324","SL160","Deer Park CDP, California","Deer Park CDP, California",14549696,9415,720,128.16703626976957,5.617669105529785
"0618352","SL160","Del Aire CDP, California","Del Aire CDP, California",2611524,0,11115,11023.33997607101,1.008315086364746
"0618394","SL160","Delano city, California","Delano city, California",38114812,135325,51679,3511.7052569339503,14.716212272644045
"0618422","SL160","Del Dios CDP, California","Del Dios CDP, California",1061683,0,379,924.5748669714866,0.4099181294441223
"0618450","SL160","Delft Colony CDP, California","Delft Colony CDP, California",344432,0,1043,7842.933812133202,0.1329859495162964
"0618464","SL160","Delhi CDP, California","Delhi CDP, California",9092104,0,11009,3136.0373767363203,3.510481119155884
"0618485","SL160","Delleker CDP, California","Delleker CDP, California",7164105,4955,724,261.7425740184727,2.7660765647888184
"0618506","SL160","Del Mar city, California","Del Mar city, California",4446743,141302,3903,2273.2870431040656,1.7168971300125122
"0618590","SL160","Del Monte Forest CDP, California","Del Monte Forest CDP, California",20787965,6766175,3613,450.1463538669581,8.026278495788574
"0618674","SL160","Del Rey CDP, California","Del Rey CDP, California",3456848,0,1654,1239.2330100642662,1.3346965312957764
"0618688","SL160","Del Rey Oaks city, California","Del Rey Oaks city, California",2730932,5204,1570,1488.9719309186346,1.0544188022613523
"0618695","SL160","Del Rio CDP, California","Del Rio CDP, California",5173472,136437,1508,754.9479363696314,1.9974887371063232
"0618856","SL160","Denair CDP, California","Denair CDP, California",4253063,0,4914,2992.4787859231255,1.642116904258728
"0618926","SL160","Derby Acres CDP, California","Derby Acres CDP, California",9274814,0,335,93.5486129045638,3.5810258388519287
"0618940","SL160","Descanso CDP, California","Descanso CDP, California",49613062,0,1590,83.00396192016218,19.155712127685547
"0618982","SL160","Desert Center CDP, California","Desert Center CDP, California",78799210,0,144,4.733020613339766,30.424545288085938
"0618986","SL160","Desert Edge CDP, California","Desert Edge CDP, California",5872955,0,3778,1666.107533941012,2.2675607204437256
"0618996","SL160","Desert Hot Springs city, California","Desert Hot Springs city, California",78402268,1005240,33200,1096.7488429905525,30.27128791809082
"0619022","SL160","Desert Palms CDP, California","Desert Palms CDP, California",6917118,2271,6579,2463.38584661663,2.6707143783569336
"0619024","SL160","Desert Shores CDP, California","Desert Shores CDP, California",1809312,294345,801,1146.6128282959974,0.6985793113708496
"0619052","SL160","Desert View Highlands CDP, California","Desert View Highlands CDP, California",1142187,0,2613,5925.15826055882,0.44100087881088257
"0619150","SL160","Diablo CDP, California","Diablo CDP, California",3531932,0,1232,903.4333306554616,1.3636866807937622
"0619155","SL160","Diablo Grande CDP, California","Diablo Grande CDP, California",11132191,24652,1948,453.2168809042833,4.298162937164307
"0619192","SL160","Diamond Bar city, California","Diamond Bar city, California",38514313,13084,53355,3587.9859527537283,14.87045955657959
"0619220","SL160","Diamond Springs CDP, California","Diamond Springs CDP, California",43097228,187916,10927,656.6733316391791,16.63993263244629
"0619248","SL160","Di Giorgio CDP, California","Di Giorgio CDP, California",221326,0,301,3522.3443989111297,0.08545444905757904
"0619262","SL160","Dillon Beach CDP, California","Dillon Beach CDP, California",7727875,0,293,98.19859570529243,2.9837493896484375
"0619318","SL160","Dinuba city, California","Dinuba city, California",16859536,0,25475,3913.508999577919,6.509503364562988
"0619339","SL160","Discovery Bay CDP, California","Discovery Bay CDP, California",14482205,3514422,14911,2666.6733869681707,5.591610908508301
"0619402","SL160","Dixon city, California","Dixon city, California",18389794,249127,19683,2772.121000979753,7.100339412689209
"0619406","SL160","Dixon Lane-MeadowCreek CDP, California","Dixon Lane-MeadowCreek CDP, California",8701384,0,3071,914.0906056731108,3.3596231937408447
"0619416","SL160","Dobbins CDP, California","Dobbins CDP, California",20051346,187248,875,113.02181126671644,7.741868495941162
"0619440","SL160","Dogtown CDP, California","Dogtown CDP, California",33584172,57248,3094,238.60713022024368,12.96692180633545
"0619455","SL160","Dollar Point CDP, California","Dollar Point CDP, California",4234923,544222,1477,903.3014838817578,1.635113000869751
"0619570","SL160","Dorrington CDP, California","Dorrington CDP, California",10600543,12551,406,99.19634718942966,4.092892646789551
"0619584","SL160","Dorris city, California","Dorris city, California",1819374,40653,869,1237.0735731810432,0.7024642825126648
"0619612","SL160","Dos Palos city, California","Dos Palos city, California",3494393,0,5765,4272.925457832138,1.34919273853302
"0619654","SL160","Dos Palos Y CDP, California","Dos Palos Y CDP, California",4054329,0,273,174.3979667671459,1.5653852224349976
"0619724","SL160","Douglas City CDP, California","Douglas City CDP, California",78799839,32384,1060,34.8400110536085,30.424789428710938
"0619738","SL160","Douglas Flat CDP, California","Douglas Flat CDP, California",,,181,,
"0619766","SL160","Downey city, California","Downey city, California",32138031,415895,110939,8940.519100518764,12.408563613891602
"0619794","SL160","Downieville CDP, California","Downieville CDP, California",8237935,14330,126,39.61411368079685,3.1806845664978027
"0619878","SL160","Doyle CDP, California","Doyle CDP, California",15817150,1998,779,127.55778506819074,6.107036113739014
"0619976","SL160","Drytown CDP, California","Drytown CDP, California",8432611,7631,147,45.14950898585254,3.2558493614196777
"0619990","SL160","Duarte city, California","Duarte city, California",17376396,0,22184,3306.57128934846,6.709064483642578
"0620018","SL160","Dublin city, California","Dublin city, California",39442773,0,70803,4649.2401935511225,15.2289400100708
"0620032","SL160","Ducor CDP, California","Ducor CDP, California",1442359,0,704,1264.145459418227,0.5568979382514954
"0620228","SL160","Dunnigan CDP, California","Dunnigan CDP, California",13551020,0,537,102.63608307451116,5.2320780754089355
"0620242","SL160","Dunsmuir city, California","Dunsmuir city, California",4155427,91444,1407,876.9527738821571,1.6044193506240845
"0620270","SL160","Durham CDP, California","Durham CDP, California",211567384,393109,5340,65.37177483905134,81.68663024902344
"0620284","SL160","Dustin Acres CDP, California","Dustin Acres CDP, California",9521683,0,656,178.43821740218257,3.676342487335205
"0620298","SL160","Dutch Flat CDP, California","Dutch Flat CDP, California",1534848,0,200,337.4911376274037,0.5926081538200378
"0620424","SL160","Eagleville CDP, California","Eagleville CDP, California",2525306,0,33,33.84524677006502,0.9750261306762696
"0620438","SL160","Earlimart CDP, California","Earlimart CDP, California",7519390,0,7214,2484.7990848414547,2.9032528400421143
"0620515","SL160","East Bakersfield CDP, California","East Bakersfield CDP, California",2038622,0,11062,14053.829754630262,0.7871164083480835
"0620574","SL160","Eastern Goleta Valley CDP, California","Eastern Goleta Valley CDP, California",42981068,755513,28295,1705.0230840322215,16.595083236694336
"0620598","SL160","East Foothills CDP, California","East Foothills CDP, California",5512919,0,7139,3353.9262988606583,2.1285500526428223
"0620697","SL160","East Hemet CDP, California","East Hemet CDP, California",13454514,0,20257,3899.463588781715,5.194817066192627
"0620802","SL160","East Los Angeles CDP, California","East Los Angeles CDP, California",19303561,11013,111647,14979.84785809124,7.453146457672119
"0620900","SL160","East Nicolaus CDP, California","East Nicolaus CDP, California",11867921,0,110,24.00577836843509,4.582230091094971
"0620903","SL160","East Niles CDP, California","East Niles CDP, California",14134961,0,28532,5227.997376387787,5.457539081573486
"0620907","SL160","East Oakdale CDP, California","East Oakdale CDP, California",13966924,386258,2269,420.7571293776312,5.392659664154053
"0620928","SL160","Easton CDP, California","Easton CDP, California",7799485,0,2722,903.8990961638842,3.0113980770111084
"0620942","SL160","East Orosi CDP, California","East Orosi CDP, California",642248,0,324,1306.5920047881134,0.24797335267066956
"0620956","SL160","East Palo Alto city, California","East Palo Alto city, California",6547354,298782,29069,11499.051349427107,2.5279476642608643
"0620984","SL160","East Pasadena CDP, California","East Pasadena CDP, California",3411833,13187,5479,4159.214094558511,1.3173161745071411
"0621012","SL160","East Porterville CDP, California","East Porterville CDP, California",5496322,0,5066,2387.2108400626093,2.1221418380737305
"0621026","SL160","East Quincy CDP, California","East Quincy CDP, California",31368457,0,2723,224.82895715932764,12.11142921447754
"0621034","SL160","East Rancho Dominguez CDP, California","East Rancho Dominguez CDP, California",2127127,0,14603,17780.60050285465,0.8212883472442627
"0621061","SL160","East Richmond Heights CDP, California","East Richmond Heights CDP, California",1501846,0,3109,5361.5836115954535,0.5798659920692444
"0621096","SL160","East San Gabriel CDP, California","East San Gabriel CDP, California",5641695,35252,23410,10747.056710955056,2.1782708168029785
"0621138","SL160","East Shore CDP, California","East Shore CDP, California",3063617,0,142,120.04708592261768,1.1828691959381104
"0621188","SL160","East Sonora CDP, California","East Sonora CDP, California",6334625,13419,2651,1083.8934052712093,2.445812463760376
"0621210","SL160","East Tulare Villa CDP, California","East Tulare Villa CDP, California",731424,0,689,2439.763747241824,0.2824043929576874
"0621230","SL160","Eastvale city, California","Eastvale city, California",32823713,1143241,70633,5573.367944209182,12.673306465148926
"0621292","SL160","East Whittier CDP, California","East Whittier CDP, California",2823028,0,9990,9165.328788265886,1.0899772644042969
"0621530","SL160","Edgewood CDP, California","Edgewood CDP, California",2656702,12263,0,0,1.0257583856582642
"0621544","SL160","Edison CDP, California","Edison CDP, California",2621330,0,449,443.63153783456534,1.012101173400879
"0621558","SL160","Edmundson Acres CDP, California","Edmundson Acres CDP, California",172230,0,349,5248.248434639614,0.06649837642908096
"0621565","SL160","Edna CDP, California","Edna CDP, California",3158448,0,330,270.60634207807215,1.2194836139678955
"0621600","SL160","Edwards AFB CDP, California","Edwards AFB CDP, California",44377479,1729,2500,145.90666635349217,17.134241104125977
"0621691","SL160","El Adobe CDP, California","El Adobe CDP, California",2594445,0,253,252.5653589342148,1.001720905303955
"0621712","SL160","El Cajon city, California","El Cajon city, California",37579662,0,104449,7198.618219256378,14.50959014892578
"0621782","SL160","El Centro city, California","El Centro city, California",30671756,45518,44240,3735.71914261026,11.842432022094728
"0621788","SL160","El Centro Naval Air Facility CDP, California","El Centro Naval Air Facility CDP, California",10855446,0,443,105.69484393133554,4.191311359405518
"0621796","SL160","El Cerrito city, California","El Cerrito city, California",9509903,0,25994,7079.372849705216,3.671794176101685
"0621810","SL160","El Cerrito CDP, California","El Cerrito CDP, California",6760749,558502,5325,2039.9642363894643,2.610339879989624
"0621880","SL160","El Dorado Hills CDP, California","El Dorado Hills CDP, California",125511003,6228621,51026,1052.9493323777974,48.4600715637207
"0621894","SL160","Eldridge CDP, California","Eldridge CDP, California",1688641,0,1379,2115.069700233386,0.6519879698753357
"0621916","SL160","Elfin Forest CDP, California","Elfin Forest CDP, California",5243843,0,592,292.3948942279566,2.0246591567993164
"0621936","SL160","El Granada CDP, California","El Granada CDP, California",12739545,639223,5232,1063.68141458402,4.918766021728516
"0621964","SL160","Elizabeth Lake CDP, California","Elizabeth Lake CDP, California",16066199,768664,1840,296.6213789317752,6.2031941413879395
"0622006","SL160","Elk Creek CDP, California","Elk Creek CDP, California",3820501,81504,36,24.405063266588098,1.475103735923767
"0622020","SL160","Elk Grove city, California","Elk Grove city, California",108760535,533192,179155,4266.338841051009,41.992679595947266
"0622034","SL160","Elkhorn CDP, California","Elkhorn CDP, California",12440882,58180,1664,346.4175680354766,4.8034515380859375
"0622104","SL160","El Macero CDP, California","El Macero CDP, California",1520807,0,796,1355.6161362881735,0.587186872959137
"0622146","SL160","Elmira CDP, California","Elmira CDP, California",1374924,0,319,600.9104385040283,0.5308611392974854
"0622230","SL160","El Monte city, California","El Monte city, California",24752904,221652,106109,11102.57778246109,9.55714988708496
"0622235","SL160","El Monte Mobile Village CDP, California","El Monte Mobile Village CDP, California",18565,0,99,13811.40886193748,0.007167987059801817
"0622286","SL160","El Nido CDP, California","El Nido CDP, California",8525668,0,510,154.93141963747803,3.291779041290283
"0622300","SL160","El Paso de Robles (Paso Robles) city, California","El Paso de Robles (Paso Robles) city, California",50894260,29864,31446,1600.273997445853,19.6503849029541
"0622328","SL160","El Portal CDP, California","El Portal CDP, California",4827205,118590,505,270.95264361699407,1.8637943267822263
"0622360","SL160","El Rancho CDP, California","El Rancho CDP, California",55904,0,128,5930.138496021893,0.021584656089544296
"0622370","SL160","El Rio CDP, California","El Rio CDP, California",5263067,0,6368,3133.7324187438285,2.0320816040039062
"0622412","SL160","El Segundo city, California","El Segundo city, California",14148731,13722008,16769,3069.6398669778628,5.462855815887451
"0622454","SL160","El Sobrante CDP (Contra Costa County), California","El Sobrante CDP (Contra Costa County), California",8019027,0,16294,5262.641551696363,3.096163749694824
"0622457","SL160","El Sobrante CDP (Riverside County), California","El Sobrante CDP (Riverside County), California",18721710,0,13129,1816.2845945920271,7.228492736816406
"0622510","SL160","El Verano CDP, California","El Verano CDP, California",2964283,0,3443,3008.2582225389983,1.144516110420227
"0622524","SL160","Elverta CDP, California","Elverta CDP, California",22900221,0,4769,539.3683151005924,8.841824531555176
"0622587","SL160","Emerald Lake Hills CDP, California","Emerald Lake Hills CDP, California",3061995,17265,4235,3582.1742776211277,1.1822428703308103
"0622594","SL160","Emeryville city, California","Emeryville city, California",3297580,2499006,13081,10274.090064238237,1.2732027769088743
"0622622","SL160","Empire CDP, California","Empire CDP, California",3026223,0,3429,2934.70403668332,1.168431282043457
"0622678","SL160","Encinitas city, California","Encinitas city, California",49353552,2854559,61480,3226.362825690648,19.055513381958008
"0622790","SL160","Escalon city, California","Escalon city, California",5899272,174504,7451,3271.2513495376597,2.277721643447876
"0622804","SL160","Escondido city, California","Escondido city, California",96723121,276445,149668,4007.71092599724,37.345008850097656
"0622846","SL160","Esparto CDP, California","Esparto CDP, California",11916729,0,3713,806.9852938402682,4.601075172424316
"0622972","SL160","Etna city, California","Etna city, California",1967952,2444,642,844.9252443609863,0.7598305344581604
"0623000","SL160","Eucalyptus Hills CDP, California","Eucalyptus Hills CDP, California",12324306,38920,5840,1227.2926048495992,4.75844144821167
"0623042","SL160","Eureka city, California","Eureka city, California",24698637,13130764,26010,2727.5024618910666,9.5361967086792
"0623126","SL160","Exeter city, California","Exeter city, California",6373810,0,10258,4168.322889751905,2.460941791534424
"0623150","SL160","Fairbanks Ranch CDP, California","Fairbanks Ranch CDP, California",13195969,12376,2703,530.5209340257575,5.094992160797119
"0623158","SL160","Fairfax CDP, California","Fairfax CDP, California",2466696,0,1423,1494.1253089999009,0.9523966908454896
"0623168","SL160","Fairfax town, California","Fairfax town, California",5770768,0,7516,3373.268563609254,2.2281060218811035
"0623182","SL160","Fairfield city, California","Fairfield city, California",107719392,738306,120785,2904.135474077641,41.59069061279297
"0623196","SL160","Fairhaven CDP, California","Fairhaven CDP, California",1682712,0,293,450.9782527484061,0.6496987342834473
"0623210","SL160","Fairmead CDP, California","Fairmead CDP, California",20018088,0,1229,159.01095401335496,7.729027271270752
"0623294","SL160","Fair Oaks CDP, California","Fair Oaks CDP, California",28169829,930992,32799,3015.603059247604,10.876431465148926
"0623350","SL160","Fairview CDP, California","Fairview CDP, California",7703024,61592,10745,3612.791790489195,2.974154233932495
"0623462","SL160","Fallbrook CDP, California","Fallbrook CDP, California",45429891,47337,32112,1830.7261577353363,17.54058074951172
"0623532","SL160","Fall River Mills CDP, California","Fall River Mills CDP, California",6859381,269074,444,167.6469986776539,2.6484220027923584
"0623616","SL160","Farmersville city, California","Farmersville city, California",5701060,0,10397,4723.3506156046915,2.2011916637420654
"0623630","SL160","Farmington CDP, California","Farmington CDP, California",6583893,0,49,19.27574065012948,2.542055368423462
"0623812","SL160","Fellows CDP, California","Fellows CDP, California",1801266,0,71,102.0888357449236,0.6954727172851562
"0623826","SL160","Felton CDP, California","Felton CDP, California",12017049,0,4093,882.1484471733079,4.639808654785156
"0623910","SL160","Ferndale city, California","Ferndale city, California",3105843,0,1552,1294.225556022781,1.1991727352142334
"0623973","SL160","Fetters Hot Springs-Agua Caliente CDP, California","Fetters Hot Springs-Agua Caliente CDP, California",3783771,0,3347,2291.018580992866,1.4609222412109375
"0623980","SL160","Fiddletown CDP, California","Fiddletown CDP, California",11797057,0,223,48.95859605058618,4.554869174957275
"0624008","SL160","Fieldbrook CDP, California","Fieldbrook CDP, California",27111305,9982,736,70.31130551937125,10.467733383178713
"0624022","SL160","Fields Landing CDP, California","Fields Landing CDP, California",716672,7676,532,1922.5999376831016,0.2767086327075958
"0624092","SL160","Fillmore city, California","Fillmore city, California",8553766,0,16816,5091.703401850851,3.3026275634765625
"0624134","SL160","Firebaugh city, California","Firebaugh city, California",9109031,143103,8392,2386.113242255653,3.517016649246216
"0624218","SL160","Fish Camp CDP, California","Fish Camp CDP, California",1036205,5626,0,0,0.40008100867271423
"0624477","SL160","Florence-Graham CDP, California","Florence-Graham CDP, California",9089172,0,60690,17293.805243287425,3.5093491077423096
"0624498","SL160","Florin CDP, California","Florin CDP, California",22567765,0,50211,5762.462178582968,8.713462829589844
"0624526","SL160","Floriston CDP, California","Floriston CDP, California",2459249,0,26,27.382216998083845,0.9495213627815248
"0624568","SL160","Flournoy CDP, California","Flournoy CDP, California",15165230,0,92,15.712185328522391,5.85532808303833
"0624638","SL160","Folsom city, California","Folsom city, California",72210787,5879392,83916,3009.8195611326614,27.88074111938477
"0624680","SL160","Fontana city, California","Fontana city, California",111552124,0,214169,4972.519660555371,43.070518493652344
"0624722","SL160","Foothill Farms CDP, California","Foothill Farms CDP, California",10879066,0,36435,8674.110139446939,4.200430870056152
"0624750","SL160","Forbestown CDP, California","Forbestown CDP, California",16250437,15370,90,14.344162911980051,6.27432918548584
"0624764","SL160","Ford City CDP, California","Ford City CDP, California",3974713,0,4162,2712.0272994106203,1.5346453189849854
"0624792","SL160","Foresta CDP, California","Foresta CDP, California",,,34,,
"0624834","SL160","Foresthill CDP, California","Foresthill CDP, California",28969105,0,1483,132.58788723877632,11.185033798217772
"0624897","SL160","Forest Meadows CDP, California","Forest Meadows CDP, California",9749680,0,1623,431.14754514921634,3.764372587203979
"0624918","SL160","Forest Ranch CDP, California","Forest Ranch CDP, California",36089639,0,1915,137.43077483238838,13.934288024902344
"0624960","SL160","Forestville CDP, California","Forestville CDP, California",13615411,0,3717,707.0653420413726,5.256939888000488
"0625030","SL160","Fort Bidwell CDP, California","Fort Bidwell CDP, California",8299175,43567,190,59.294776193808126,3.204329490661621
"0625058","SL160","Fort Bragg city, California","Fort Bragg city, California",7508182,86606,7032,2425.726523306983,2.898925304412842
"0625086","SL160","Fort Dick CDP, California","Fort Dick CDP, California",8331464,662,1365,424.3352177276656,3.216796398162842
"0625093","SL160","Fort Hunter Liggett CDP, California","Fort Hunter Liggett CDP, California",7198561,79767,1119,402.6077637997301,2.7793800830841064
"0625114","SL160","Fort Irwin CDP, California","Fort Irwin CDP, California",18040432,0,8419,1208.6800177469177,6.965449810028076
"0625128","SL160","Fort Jones city, California","Fort Jones city, California",1559876,0,562,933.1339812136032,0.6022714972496033
"0625296","SL160","Fortuna city, California","Fortuna city, California",13592673,4768,12326,2348.6322881367405,5.2481608390808105
"0625300","SL160","Fort Washington CDP, California","Fort Washington CDP, California",321161,0,290,2338.6915884256605,0.12400095909833908
"0625338","SL160","Foster City city, California","Foster City city, California",9808766,41556867,32792,8658.671848202244,3.787185907363891
"0625380","SL160","Fountain Valley city, California","Fountain Valley city, California",23495176,33638,56258,6201.593849076733,9.071538925170898
"0625436","SL160","Fowler city, California","Fowler city, California",6557693,0,7094,2801.8046962425765,2.5319395065307617
"0625488","SL160","Franklin CDP (Merced County), California","Franklin CDP (Merced County), California",5245317,0,7392,3649.9589398832622,2.025228261947632
"0625506","SL160","Franklin CDP (Sacramento County), California","Franklin CDP (Sacramento County), California",5454315,0,233,110.64032584611974,2.1059229373931885
"0625534","SL160","Frazier Park CDP, California","Frazier Park CDP, California",13509638,4209,2681,513.9854764933692,5.216100692749023
"0625576","SL160","Freedom CDP, California","Freedom CDP, California",2936119,0,3172,2798.061572221478,1.1336419582366943
"0625590","SL160","Freeport CDP, California","Freeport CDP, California",131496,0,0,0,0.05077088996767998
"0626000","SL160","Fremont city, California","Fremont city, California",202832449,26274304,228295,2915.1219173837057,78.31404876708984
"0626028","SL160","French Camp CDP, California","French Camp CDP, California",8013766,0,3264,1054.8999051606245,3.094132423400879
"0626056","SL160","French Gulch CDP, California","French Gulch CDP, California",31940354,94840,154,12.487593388780748,12.332240104675291
"0626067","SL160","French Valley CDP, California","French Valley CDP, California",28160802,15910,45269,4163.452749824118,10.872946739196776
"0627000","SL160","Fresno city, California","Fresno city, California",298304405,3127480,545970,4740.311006364653,115.17598724365234
"0627014","SL160","Friant CDP, California","Friant CDP, California",3239537,130737,401,320.59680191559494,1.2507922649383545
"0627080","SL160","Fruitdale CDP, California","Fruitdale CDP, California",691222,0,986,3694.5121070319265,0.2668823301792145
"0627130","SL160","Fruitridge Pocket CDP, California","Fruitridge Pocket CDP, California",1532205,0,6095,10302.78415918117,0.5915876626968384
"0627190","SL160","Fuller Acres CDP, California","Fuller Acres CDP, California",1953739,0,619,820.5817775018563,0.7543428540229797
"0628000","SL160","Fullerton city, California","Fullerton city, California",58065841,32825,140968,6287.783279416412,22.419347763061523
"0628014","SL160","Fulton CDP, California","Fulton CDP, California",5047023,0,453,232.46665508423771,1.9486665725708008
"0628021","SL160","Furnace Creek CDP, California","Furnace Creek CDP, California",81487361,0,73,2.320226453668884,31.462446212768555
"0628112","SL160","Galt city, California","Galt city, California",18508749,34676,25962,3632.945251457782,7.146267890930176
"0628154","SL160","Garberville CDP, California","Garberville CDP, California",6940712,148102,1415,528.0197281191445,2.679824113845825
"0628168","SL160","Gardena city, California","Gardena city, California",15097437,93629,59422,10193.93372914659,5.829153060913086
"0628182","SL160","Garden Acres CDP, California","Garden Acres CDP, California",6693775,0,10667,4127.327690272939,2.584481000900269
"0628210","SL160","Garden Farms CDP, California","Garden Farms CDP, California",2831739,0,241,220.42535712938388,1.0933406352996826
"0629000","SL160","Garden Grove city, California","Garden Grove city, California",46506034,45894,170964,9521.232079728434,17.956079483032227
"0629070","SL160","Garey CDP, California","Garey CDP, California",3275825,9827,28,22.137831908160067,1.264803171157837
"0629112","SL160","Garnet CDP, California","Garnet CDP, California",20419878,0,7382,936.3078443089146,7.884159088134766
"0629154","SL160","Gasquet CDP, California","Gasquet CDP, California",12318649,171875,346,72.74627839489006,4.756257057189941
"0629252","SL160","Gazelle CDP, California","Gazelle CDP, California",1739436,1757,87,129.54138524344938,0.6716000437736511
"0629350","SL160","Georgetown CDP, California","Georgetown CDP, California",39182259,10741,2403,158.84078899185167,15.128355979919434
"0629392","SL160","Gerber CDP, California","Gerber CDP, California",2401403,0,885,954.5001055888822,0.927186906337738
"0629420","SL160","Geyserville CDP, California","Geyserville CDP, California",11690104,0,672,148.8842125191165,4.513574600219727
"0629504","SL160","Gilroy city, California","Gilroy city, California",42826753,26658,59004,3568.322380243536,16.53550148010254
"0629714","SL160","Glencoe CDP, California","Glencoe CDP, California",,,258,,
"0630000","SL160","Glendale city, California","Glendale city, California",78940374,330542,190748,6258.331216014517,30.47905158996582
"0630014","SL160","Glendora city, California","Glendora city, California",50531742,400123,50926,2610.1954934936944,19.51041603088379
"0630028","SL160","Glen Ellen CDP, California","Glen Ellen CDP, California",5438518,2744,1078,513.3764292548715,2.0998237133026123
"0630126","SL160","Glennville CDP, California","Glennville CDP, California",4889260,0,23,12.18379113224938,1.887753963470459
"0630282","SL160","Golden Hills CDP, California","Golden Hills CDP, California",28267176,44673,9891,906.2657118987236,10.914017677307127
"0630339","SL160","Gold Mountain CDP, California","Gold Mountain CDP, California",15767571,0,124,20.368293283167432,6.087893486022949
"0630345","SL160","Gold River CDP, California","Gold River CDP, California",6884489,213093,7924,2981.058650292265,2.658116102218628
"0630378","SL160","Goleta city, California","Goleta city, California",20339515,187022,32685,4162.034069636613,7.853131294250488
"0630392","SL160","Gonzales city, California","Gonzales city, California",4955568,98218,8492,4438.275900834808,1.913355588912964
"0630410","SL160","Good Hope CDP, California","Good Hope CDP, California",29096582,0,8816,784.7428134997639,11.234253883361816
"0630412","SL160","Goodmanville CDP, California","Goodmanville CDP, California",1753841,0,169,249.57107268884744,0.6771618127822876
"0630420","SL160","Goodyears Bar CDP, California","Goodyears Bar CDP, California",5309072,43381,122,59.51671650575098,2.049844264984131
"0630476","SL160","Goshen CDP, California","Goshen CDP, California",7292689,0,5136,1824.0429439494449,2.815723180770874
"0630560","SL160","Graeagle CDP, California","Graeagle CDP, California",28666635,147558,496,44.8128629726496,11.06825065612793
"0630658","SL160","Grand Terrace city, California","Grand Terrace city, California",9072646,0,13078,3733.4051689179946,3.5029683113098145
"0630686","SL160","Grangeville CDP, California","Grangeville CDP, California",1657009,0,618,965.964899884848,0.6397747993469238
"0630693","SL160","Granite Bay CDP, California","Granite Bay CDP, California",55810220,111696,21673,1005.7801542133934,21.54844665527344
"0630703","SL160","Granite Hills CDP, California","Granite Hills CDP, California",7233804,0,3795,1358.7601836266729,2.79298734664917
"0630714","SL160","Graniteville CDP, California","Graniteville CDP, California",3853000,0,0,0,1.4876517057418823
"0630798","SL160","Grass Valley city, California","Grass Valley city, California",13594368,0,14113,2688.797345606834,5.248815059661865
"0630812","SL160","Graton CDP, California","Graton CDP, California",4090304,0,1806,1143.5625293961218,1.5792752504348757
"0630882","SL160","Grayson CDP, California","Grayson CDP, California",477325,0,1182,6413.587845319055,0.18429622054100037
"0630900","SL160","Greeley Hill CDP, California","Greeley Hill CDP, California",61850758,119779,958,40.11605598588093,23.880712509155273
"0630938","SL160","Greenacres CDP, California","Greenacres CDP, California",4934596,0,4906,2574.9789439864253,1.905258297920227
"0630944","SL160","Green Acres CDP, California","Green Acres CDP, California",3626865,0,3382,2415.126999473138,1.4003404378890991
"0630987","SL160","Greenfield CDP, California","Greenfield CDP, California",3448766,0,3939,2958.148598173512,1.3315761089324951
"0630994","SL160","Greenfield city, California","Greenfield city, California",7548415,98210,20232,6941.939055780579,2.914459466934204
"0631029","SL160","Greenhorn CDP, California","Greenhorn CDP, California",17381404,0,243,36.20921923807923,6.710998058319092
"0631092","SL160","Green Valley CDP (Los Angeles County), California","Green Valley CDP (Los Angeles County), California",33175008,497,880,68.70200094556311,12.808942794799805
"0631099","SL160","Green Valley CDP (Solano County), California","Green Valley CDP (Solano County), California",21687664,3847,1364,162.89184392579256,8.37365436553955
"0631134","SL160","Greenview CDP, California","Greenview CDP, California",3354179,218772,73,56.36822464799337,1.295055866241455
"0631162","SL160","Greenville CDP, California","Greenville CDP, California",20701558,0,424,53.04696921871567,7.992916584014893
"0631246","SL160","Grenada CDP, California","Grenada CDP, California",1335962,3010,254,492.42191651085216,0.5158178210258484
"0631260","SL160","Gridley city, California","Gridley city, California",5404056,0,7330,3513.03016057837,2.086517810821533
"0631288","SL160","Grimes CDP, California","Grimes CDP, California",5856072,0,280,123.83670244882217,2.2610421180725098
"0631302","SL160","Grizzly Flats CDP, California","Grizzly Flats CDP, California",17168505,0,1410,212.70829230086852,6.628796577453613
"0631372","SL160","Groveland CDP, California","Groveland CDP, California",24795516,15061,490,51.18240400850712,9.573602676391602
"0631393","SL160","Grover Beach city, California","Grover Beach city, California",5988133,11431,12604,5451.4833638261625,2.3120312690734863
"0631414","SL160","Guadalupe city, California","Guadalupe city, California",3394103,10948,8566,6536.583212044293,1.3104705810546875
"0631470","SL160","Guerneville CDP, California","Guerneville CDP, California",25147194,440242,4100,422.27181555027494,9.709385871887209
"0631540","SL160","Guinda CDP, California","Guinda CDP, California",7578139,0,248,84.75920231513905,2.925935983657837
"0631568","SL160","Gustine city, California","Gustine city, California",4017008,0,6133,3954.285388922785,1.5509755611419678
"0631596","SL160","Hacienda Heights CDP, California","Hacienda Heights CDP, California",28884485,14534,54291,4868.116784029278,11.152361869812012
"0631708","SL160","Half Moon Bay city, California","Half Moon Bay city, California",16167307,27799,11391,1824.8279479425037,6.242232322692871
"0631883","SL160","Hamilton Branch CDP, California","Hamilton Branch CDP, California",2811184,0,480,442.2315355104227,1.0854042768478394
"0631890","SL160","Hamilton City CDP, California","Hamilton City CDP, California",1060201,0,2267,5538.103257793565,0.40934592485427856
"0631960","SL160","Hanford city, California","Hanford city, California",45073545,0,59754,3433.547093377477,17.40299415588379
"0632030","SL160","Happy Camp CDP, California","Happy Camp CDP, California",31357295,618829,539,44.5192561997272,12.107120513916016
"0632036","SL160","Happy Valley CDP, California","Happy Valley CDP, California",43681146,297681,5944,352.4378471303738,16.865385055541992
"0632044","SL160","Harbison Canyon CDP, California","Harbison Canyon CDP, California",26085235,0,4328,429.7246078730945,10.071566581726074
"0632156","SL160","Hardwick CDP, California","Hardwick CDP, California",359343,0,58,418.0387543923016,0.1387431174516678
"0632212","SL160","Harmony Grove CDP, California","Harmony Grove CDP, California",7980769,0,2585,838.9064936302914,3.081392288208008
"0632324","SL160","Hartland CDP, California","Hartland CDP, California",599099,0,0,0,0.23131342232227323
"0632340","SL160","Hartley CDP, California","Hartley CDP, California",16763354,65391,2431,375.5967318174525,6.472367286682129
"0632385","SL160","Hasley Canyon CDP, California","Hasley Canyon CDP, California",14865474,3128,1216,211.8617462768542,5.7395920753479
"0632408","SL160","Hat Creek CDP, California","Hat Creek CDP, California",129532652,442608,57,1.1397073169838738,50.012840270996094
"0632436","SL160","Hathaway Pines CDP, California","Hathaway Pines CDP, California",,,163,,
"0632506","SL160","Hawaiian Gardens city, California","Hawaiian Gardens city, California",2447289,30331,13691,14489.30856454094,0.9449036121368408
"0632548","SL160","Hawthorne city, California","Hawthorne city, California",15766235,28948,85191,13994.696291663677,6.087377548217773
"0632562","SL160","Hayfork CDP, California","Hayfork CDP, California",186854161,58222,2537,35.165390444306006,72.1447982788086
"0633000","SL160","Hayward city, California","Hayward city, California",118669082,47415914,158801,3465.8791016513505,45.818389892578125
"0633056","SL160","Healdsburg city, California","Healdsburg city, California",11448706,0,11243,2543.452186298703,4.420370101928711
"0633084","SL160","Heber CDP, California","Heber CDP, California",3718242,0,7312,5093.264907976632,1.4356213808059692
"0633182","SL160","Hemet city, California","Hemet city, California",75840173,0,91326,3118.8382905390104,29.28205680847168
"0633294","SL160","Herald CDP, California","Herald CDP, California",20406216,57778,1521,193.0476370886107,7.878884315490723
"0633308","SL160","Hercules city, California","Hercules city, California",16608748,35156475,26302,4101.565151179862,6.4126739501953125
"0633336","SL160","Herlong CDP, California","Herlong CDP, California",4320220,0,211,126.4952855394074,1.6680463552474976
"0633364","SL160","Hermosa Beach city, California","Hermosa Beach city, California",3692737,12981384,19063,13370.284125499978,1.4257737398147583
"0633434","SL160","Hesperia city, California","Hesperia city, California",188241904,251762,100775,1386.545862636572,72.68061065673828
"0633504","SL160","Hickman CDP, California","Hickman CDP, California",907866,0,844,2407.7890615920023,0.3505290448665619
"0633518","SL160","Hidden Hills city, California","Hidden Hills city, California",4372993,0,2150,1273.3782746382587,1.6884220838546753
"0633532","SL160","Hidden Meadows CDP, California","Hidden Meadows CDP, California",17061107,0,3524,534.9663008082589,6.5873308181762695
"0633549","SL160","Hidden Valley Lake CDP, California","Hidden Valley Lake CDP, California",25433860,374389,5872,597.9591775849639,9.820068359375
"0633574","SL160","Highgrove CDP, California","Highgrove CDP, California",8337489,0,8366,2598.844751869337,3.2191226482391357
"0633588","SL160","Highland city, California","Highland city, California",48099959,244008,56675,3051.71921739493,18.57149887084961
"0633632","SL160","Highlands CDP, California","Highlands CDP, California",3377283,0,2450,1878.86850775231,1.30397629737854
"0633689","SL160","Hillcrest CDP, California","Hillcrest CDP, California",3569985,0,10511,7625.624082165719,1.378378987312317
"0633798","SL160","Hillsborough town, California","Hillsborough town, California",15971441,0,11099,1799.8548634177253,6.1666083335876465
"0633861","SL160","Hilmar-Irwin CDP, California","Hilmar-Irwin CDP, California",10171003,0,6132,1561.4789165056686,3.927046298980713
"0633935","SL160","Hiouchi CDP, California","Hiouchi CDP, California",1501797,0,105,181.0822205912284,0.5798470973968506
"0634120","SL160","Hollister city, California","Hollister city, California",20622323,0,43811,5502.287927012989,7.962324142456055
"0634246","SL160","Holtville city, California","Holtville city, California",2988033,11902,5617,4868.742251457456,1.1536860466003418
"0634281","SL160","Home Garden CDP, California","Home Garden CDP, California",1144547,0,1806,4086.785725138654,0.4419120848178863
"0634302","SL160","Home Gardens CDP, California","Home Gardens CDP, California",3910004,0,10506,6959.177890951129,1.509661078453064
"0634316","SL160","Homeland CDP, California","Homeland CDP, California",11058083,0,7584,1776.299673829099,4.26954984664917
"0634392","SL160","Homestead Valley CDP, California","Homestead Valley CDP, California",87686964,0,2689,79.42432897135608,33.85612487792969
"0634405","SL160","Homewood Canyon CDP, California","Homewood Canyon CDP, California",26546375,0,103,10.049159157865471,10.249613761901855
"0634428","SL160","Honcut CDP, California","Honcut CDP, California",10970686,0,271,63.97838599196139,4.235805511474609
"0634484","SL160","Hood CDP, California","Hood CDP, California",816263,0,317,1005.835335751731,0.31516093015670776
"0634540","SL160","Hoopa CDP, California","Hoopa CDP, California",52865786,2013972,2233,109.39860734244763,20.41159439086914
"0634652","SL160","Hopland CDP, California","Hopland CDP, California",9128964,124597,983,278.8879705962986,3.5247128009796143
"0634694","SL160","Hornbrook CDP, California","Hornbrook CDP, California",3017332,29395,268,230.04323199847735,1.1649984121322632
"0634708","SL160","Hornitos CDP, California","Hornitos CDP, California",2989557,0,0,0,1.1542744636535645
"0634904","SL160","Hughson city, California","Hughson city, California",4937411,0,7648,4011.865366666037,1.9063451290130615
"0634928","SL160","Humboldt Hill CDP, California","Humboldt Hill CDP, California",10762229,37912,3551,854.5671228267712,4.155320167541504
"0636000","SL160","Huntington Beach city, California","Huntington Beach city, California",69922374,3455837,195240,7231.866187923979,26.997180938720703
"0636056","SL160","Huntington Park city, California","Huntington Park city, California",7790286,8354,53108,17656.48697579912,3.0078463554382324
"0636084","SL160","Huron city, California","Huron city, California",4144982,0,6519,4073.390717150728,1.600386619567871
"0636098","SL160","Hyampom CDP, California","Hyampom CDP, California",52507399,0,102,5.031267361099678,20.273221969604492
"0636126","SL160","Hydesville CDP, California","Hydesville CDP, California",19424163,0,1263,168.40646702487203,7.499711990356445
"0636135","SL160","Hypericum CDP, California","Hypericum CDP, California",80755,0,179,5740.918182804419,0.031179681420326233
"0636168","SL160","Idlewild CDP, California","Idlewild CDP, California",1189519,0,42,91.44830504905636,0.4592758715152741
"0636203","SL160","Idyllwild-Pine Cove CDP, California","Idyllwild-Pine Cove CDP, California",35541508,26090,3957,288.3553120403468,13.72265338897705
"0636252","SL160","Igo CDP, California","Igo CDP, California",2632527,1954,90,88.54568864229229,1.0164244174957275
"0636280","SL160","Imperial city, California","Imperial city, California",16292294,0,21430,3406.729759915658,6.29049015045166
"0636294","SL160","Imperial Beach city, California","Imperial Beach city, California",11112520,304504,25764,6004.798872279471,4.2905683517456055
"0636350","SL160","Independence CDP, California","Independence CDP, California",12590232,7190,730,150.17127962835644,4.8611159324646
"0636364","SL160","Indian Falls CDP, California","Indian Falls CDP, California",4770041,0,0,0,1.8417232036590576
"0636420","SL160","Indianola CDP, California","Indianola CDP, California",3656939,483,560,396.6140104537933,1.4119521379470823
"0636434","SL160","Indian Wells city, California","Indian Wells city, California",37085445,679921,4871,340.18284119313034,14.318770408630373
"0636448","SL160","Indio city, California","Indio city, California",86057050,20661,91950,2767.3432443075426,33.22681427001953
"0636452","SL160","Indio Hills CDP, California","Indio Hills CDP, California",56620987,0,1117,51.09442138458337,21.861486434936523
"0636490","SL160","Industry city, California","Industry city, California",30508618,717495,210,17.827666961202404,11.779443740844728
"0636546","SL160","Inglewood city, California","Inglewood city, California",23484484,63501,104569,11532.399504452576,9.067410469055176
"0636613","SL160","Interlaken CDP, California","Interlaken CDP, California",25391177,1021066,8068,822.9640077873057,9.803587913513184
"0636616","SL160","Inverness CDP, California","Inverness CDP, California",16575450,1130139,1346,210.31849845656825,6.39981746673584
"0636658","SL160","Inyokern CDP, California","Inyokern CDP, California",28301165,2685,912,83.4619031801359,10.927141189575195
"0636672","SL160","Ione city, California","Ione city, California",11861672,118011,9156,1999.206389706237,4.579817295074463
"0636735","SL160","Iron Horse CDP, California","Iron Horse CDP, California",20055716,0,434,56.046605132833314,7.743555545806885
"0636770","SL160","Irvine city, California","Irvine city, California",169930356,802010,311690,4750.612920431964,65.61048126220703
"0636826","SL160","Irwindale city, California","Irwindale city, California",22853908,2037701,1377,156.05268284774775,8.823943138122559
"0636868","SL160","Isla Vista CDP, California","Isla Vista CDP, California",1427676,113833,13920,25252.67087402419,0.5512288212776184
"0636882","SL160","Isleton city, California","Isleton city, California",1138589,133509,522,1187.4115185078952,0.4396117031574249
"0636910","SL160","Ivanhoe CDP, California","Ivanhoe CDP, California",3392302,0,4629,3534.194175017072,1.3097752332687378
"0636980","SL160","Jackson city, California","Jackson city, California",9277425,0,5048,1409.2552386529435,3.58203387260437
"0637022","SL160","Jacumba CDP, California","Jacumba CDP, California",15848184,18532,740,120.93443598061204,6.119018077850342
"0637106","SL160","Jamestown CDP, California","Jamestown CDP, California",7776484,5375,3265,1087.420819883573,3.0025174617767334
"0637120","SL160","Jamul CDP, California","Jamul CDP, California",43597950,0,6574,390.5362759954758,16.833263397216797
"0637134","SL160","Janesville CDP, California","Janesville CDP, California",87578550,50416,2399,70.9463785145836,33.81427001953125
"0637274","SL160","Jenner CDP, California","Jenner CDP, California",5463963,745264,18,8.532229116669992,2.1096479892730713
"0637400","SL160","Johannesburg CDP, California","Johannesburg CDP, California",6354495,0,86,35.05219092382713,2.453484296798706
"0637442","SL160","Johnson Park CDP, California","Johnson Park CDP, California",2337519,0,943,1044.8508104687469,0.9025211930274964
"0637484","SL160","Johnstonville CDP, California","Johnstonville CDP, California",22246440,108930,1039,120.96305680321558,8.589399337768555
"0637512","SL160","Johnsville CDP, California","Johnsville CDP, California",35638914,134828,0,0,13.760261535644531
"0637533","SL160","Jones Valley CDP, California","Jones Valley CDP, California",16659447,14027,1122,174.4335567704516,6.432248592376709
"0637554","SL160","Joshua Tree CDP, California","Joshua Tree CDP, California",93463461,0,6234,172.7518469911505,36.08644485473633
"0637568","SL160","Jovista CDP, California","Jovista CDP, California",260300,0,107,1064.6512544884972,0.1005023941397667
"0637582","SL160","Julian CDP, California","Julian CDP, California",20424527,0,1751,222.040327617906,7.885954856872559
"0637596","SL160","Junction City CDP, California","Junction City CDP, California",68728396,87697,1190,44.844427746554686,26.53618431091309
"0637624","SL160","June Lake CDP, California","June Lake CDP, California",26694795,2048342,209,20.2776404874057,10.30691909790039
"0637692","SL160","Jurupa Valley city, California","Jurupa Valley city, California",111216608,1914754,107011,2492.048667466959,42.940975189208984
"0637904","SL160","Keddie CDP, California","Keddie CDP, California",1702275,0,48,73.03134056295265,0.6572520732879639
"0637918","SL160","Keeler CDP, California","Keeler CDP, California",2987188,0,28,24.276900156825526,1.1533597707748413
"0637946","SL160","Keene CDP, California","Keene CDP, California",24459682,13903,469,49.66149524093718,9.443936347961426
"0638024","SL160","Kelly Ridge CDP, California","Kelly Ridge CDP, California",5054047,0,2825,1447.694477789283,1.951378583908081
"0638044","SL160","Kelseyville CDP, California","Kelseyville CDP, California",7471626,15272,4011,1390.3856347742003,2.8848111629486084
"0638065","SL160","Kennedy CDP, California","Kennedy CDP, California",3139084,0,2576,2125.399976571382,1.2120071649551392
"0638076","SL160","Kennedy Meadows CDP, California","Kennedy Meadows CDP, California",15080914,0,93,15.971768965024197,5.8227739334106445
"0638086","SL160","Kensington CDP, California","Kensington CDP, California",2495981,23043,5179,5374.0584820944,0.9637036919593812
"0638114","SL160","Kentfield CDP, California","Kentfield CDP, California",7839024,49346,6900,2279.737497784517,3.0266642570495605
"0638156","SL160","Kenwood CDP, California","Kenwood CDP, California",13381900,0,1028,198.96335940929112,5.166780471801758
"0638177","SL160","Kep'el CDP, California","Kep'el CDP, California",9442634,0,10,2.7428659917377316,3.6458215713500977
"0638226","SL160","Kerman city, California","Kerman city, California",8462064,0,16815,5146.575302660541,3.267221212387085
"0638310","SL160","Kernville CDP, California","Kernville CDP, California",32727820,797180,857,67.82057709287241,12.636282920837402
"0638352","SL160","Keswick CDP, California","Keswick CDP, California",8747810,325828,240,71.0574557590761,3.3775484561920166
"0638394","SL160","Kettleman City CDP, California","Kettleman City CDP, California",546646,0,1002,4747.437971465562,0.21106120944023132
"0638422","SL160","Keyes CDP, California","Keyes CDP, California",4060586,0,5577,3557.2113939303067,1.5678011178970337
"0638520","SL160","King City city, California","King City city, California",9833874,342510,13604,3582.941552388123,3.79688024520874
"0638548","SL160","Kings Beach CDP, California","Kings Beach CDP, California",7403909,301151,2736,957.0899541221968,2.8586654663085938
"0638562","SL160","Kingsburg city, California","Kingsburg city, California",9627176,0,12755,3431.4627854063015,3.717073678970337
"0638604","SL160","Kingvale CDP, California","Kingvale CDP, California",2490334,22032,0,0,0.9615233540534972
"0638646","SL160","Kirkwood CDP, California","Kirkwood CDP, California",11290203,2525431,218,50.00949873800106,4.3591718673706055
"0638702","SL160","Klamath CDP, California","Klamath CDP, California",44592620,0,931,54.073493812001296,17.217308044433594
"0638772","SL160","Knightsen CDP, California","Knightsen CDP, California",21645449,232033,2264,270.8991333308457,8.357354164123535
"0638786","SL160","Knights Ferry CDP, California","Knights Ferry CDP, California",414507,26505,64,399.8949088660961,0.16004204750061035
"0638800","SL160","Knights Landing CDP, California","Knights Landing CDP, California",1399445,0,1099,2033.9469594312852,0.5403287410736084
"0639003","SL160","La CaÃÂÃÂÃÂÃÂÃÂÃÂÃÂÃÂ±ada Flintridge city, California","La CaÃÂÃÂÃÂÃÂÃÂÃÂÃÂÃÂ±ada Flintridge city, California",22349007,42498,19935,2310.2327577432015,8.629000663757324
"0639045","SL160","La Crescenta-Montrose CDP, California","La Crescenta-Montrose CDP, California",8878978,28793,19660,5734.8002883673435,3.428192615509033
"0639052","SL160","La Cresta CDP, California","La Cresta CDP, California",2710186,0,8389,8016.944406824767,1.0464086532592771
"0639094","SL160","Ladera CDP, California","Ladera CDP, California",1113098,0,1297,3017.8964812529903,0.4297695457935333
"0639108","SL160","Ladera Heights CDP, California","Ladera Heights CDP, California",7679969,276,7334,2473.3137090420323,2.965252637863159
"0639114","SL160","Ladera Ranch CDP, California","Ladera Ranch CDP, California",12807936,0,23793,4811.359605553181,4.94517183303833
"0639122","SL160","Lafayette city, California","Lafayette city, California",38912815,431202,25285,1682.9377819575598,15.024322509765623
"0639164","SL160","La Grange CDP, California","La Grange CDP, California",241845,0,91,974.5452802251494,0.09337688237428664
"0639178","SL160","Laguna Beach city, California","Laguna Beach city, California",23036582,2512751,22710,2553.270707697138,8.894474029541016
"0639220","SL160","Laguna Hills city, California","Laguna Hills city, California",16960505,63580,30740,4694.213623158055,6.548487663269043
"0639248","SL160","Laguna Niguel city, California","Laguna Niguel city, California",38165702,133550,64139,4352.578828788161,14.735861778259276
"0639259","SL160","Laguna Woods city, California","Laguna Woods city, California",8655358,2375,17289,5173.47762854517,3.3418526649475098
"0639283","SL160","Lagunitas-Forest Knolls CDP, California","Lagunitas-Forest Knolls CDP, California",10998147,0,1626,382.9118216840996,4.246408462524414
"0639290","SL160","La Habra city, California","La Habra city, California",19577662,15869,61970,8198.198134456736,7.558978080749512
"0639304","SL160","La Habra Heights city, California","La Habra Heights city, California",15951225,4740,5478,889.4586231204918,6.158802509307861
"0639318","SL160","La Honda CDP, California","La Honda CDP, California",11022981,20735,1269,298.16752413765903,4.2559967041015625
"0639411","SL160","Lake Almanor Country Club CDP, California","Lake Almanor Country Club CDP, California",7104822,0,469,170.96901074166237,2.743187189102173
"0639420","SL160","Lake Almanor Peninsula CDP, California","Lake Almanor Peninsula CDP, California",7863269,0,412,135.70374460902465,3.036025285720825
"0639425","SL160","Lake Almanor West CDP, California","Lake Almanor West CDP, California",5920415,0,463,202.54736377255145,2.2858850955963135
"0639444","SL160","Lake Arrowhead CDP, California","Lake Arrowhead CDP, California",45786322,3169654,10639,601.8147372159818,17.678197860717773
"0639460","SL160","Lake California CDP, California","Lake California CDP, California",16346691,862108,3808,603.3437806735488,6.311492919921875
"0639472","SL160","Lake City CDP, California","Lake City CDP, California",15065516,6524,39,6.7046842576147405,5.816828727722168
"0639483","SL160","Lake Davis CDP, California","Lake Davis CDP, California",14080604,11652,0,0,5.436552047729492
"0639484","SL160","Lake Don Pedro CDP, California","Lake Don Pedro CDP, California",47708999,3331031,1308,71.00765412123604,18.420549392700195
"0639486","SL160","Lake Elsinore city, California","Lake Elsinore city, California",99033141,13666891,72461,1895.0536703613889,38.23691177368164
"0639496","SL160","Lake Forest city, California","Lake Forest city, California",43288926,202929,86281,5162.215042629041,16.71394920349121
"0639514","SL160","Lakehead CDP, California","Lakehead CDP, California",12160323,1511480,577,122.89337407243973,4.695127010345459
"0639556","SL160","Lake Hughes CDP, California","Lake Hughes CDP, California",27494868,166305,888,83.6486760143711,10.61582851409912
"0639570","SL160","Lake Isabella CDP, California","Lake Isabella CDP, California",56239883,1098346,4059,186.9271460342504,21.71434211730957
"0639598","SL160","Lakeland Village CDP, California","Lakeland Village CDP, California",22727469,685541,12236,1394.3961627515855,8.775124549865723
"0639612","SL160","Lake Los Angeles CDP, California","Lake Los Angeles CDP, California",25229336,125676,13051,1339.7869137193643,9.741101264953612
"0639645","SL160","Lake Mathews CDP, California","Lake Mathews CDP, California",41251878,0,6527,409.79590796599894,15.927440643310549
"0639670","SL160","Lake Nacimiento CDP, California","Lake Nacimiento CDP, California",27172014,60669,3339,318.2675343495692,10.49117374420166
"0639690","SL160","Lake of the Pines CDP, California","Lake of the Pines CDP, California",6544587,908432,5461,2161.163763174034,2.52687931060791
"0639696","SL160","Lake of the Woods CDP, California","Lake of the Woods CDP, California",9166577,1509,796,224.90733746191972,3.5392353534698486
"0639710","SL160","Lakeport city, California","Lakeport city, California",7920508,363747,5113,1671.9393646397318,3.0581252574920654
"0639715","SL160","Lake Riverside CDP, California","Lake Riverside CDP, California",18888592,216496,1262,173.0443920722488,7.29292631149292
"0639724","SL160","Lake San Marcos CDP, California","Lake San Marcos CDP, California",4420806,266467,4693,2749.4564391438103,1.7068828344345093
"0639728","SL160","Lake Shastina CDP, California","Lake Shastina CDP, California",10393370,2563420,3001,747.8377117345541,4.012902736663818
"0639735","SL160","Lake Sherwood CDP, California","Lake Sherwood CDP, California",8125833,547804,1633,520.4943753112362,3.137401819229126
"0639759","SL160","Lakeside CDP (Kern County), California","Lakeside CDP (Kern County), California",4674201,0,807,447.16097422551775,1.8047192096710205
"0639766","SL160","Lakeside CDP (San Diego County), California","Lakeside CDP (San Diego County), California",17944759,894360,22447,3239.801608518569,6.928510665893555
"0639836","SL160","Lakeview CDP, California","Lakeview CDP, California",8442803,0,2062,632.55711365155,3.259784698486328
"0639885","SL160","Lake Wildwood CDP, California","Lake Wildwood CDP, California",7920376,1172452,4792,1566.9991166721006,3.058074474334717
"0639892","SL160","Lakewood city, California","Lakewood city, California",24349964,133080,79850,8493.258560203038,9.40157413482666
"0640004","SL160","La Mesa city, California","La Mesa city, California",23546769,12381,60797,6687.265987033578,9.091458320617676
"0640032","SL160","La Mirada city, California","La Mirada city, California",20257551,44465,47180,6032.102566609947,7.821485042572021
"0640088","SL160","Lamont CDP, California","Lamont CDP, California",12391220,92463,13164,2751.5129462166,4.784276962280273
"0640116","SL160","Lanare CDP, California","Lanare CDP, California",5232743,0,484,239.55968402395075,2.0203733444213867
"0640130","SL160","Lancaster city, California","Lancaster city, California",244160144,651713,169169,1794.5012933932987,94.27075958251952
"0640256","SL160","La Palma city, California","La Palma city, California",4611657,61544,15272,8577.025113363161,1.7805707454681396
"0640312","SL160","La Porte CDP, California","La Porte CDP, California",11543765,0,53,11.891212720357062,4.457072734832764
"0640326","SL160","La Presa CDP, California","La Presa CDP, California",14238420,1349731,34962,6359.6351744834055,5.497485160827637
"0640340","SL160","La Puente city, California","La Puente city, California",9009768,1746,37142,10677.004344688889,3.4786911010742188
"0640354","SL160","La Quinta city, California","La Quinta city, California",91317864,1101656,38707,1097.8209575577646,35.258026123046875
"0640410","SL160","La Riviera CDP, California","La Riviera CDP, California",4920394,368987,11492,6049.138067122284,1.8997747898101809
"0640426","SL160","Larkfield-Wikiup CDP, California","Larkfield-Wikiup CDP, California",13747228,0,8765,1651.3325336689145,5.307834625244141
"0640438","SL160","Larkspur city, California","Larkspur city, California",7767799,566326,12854,4285.860843985797,2.99916410446167
"0640508","SL160","La Selva Beach CDP, California","La Selva Beach CDP, California",13718609,0,2302,434.603264644208,5.2967848777771
"0640526","SL160","Las Flores CDP (Orange County), California","Las Flores CDP (Orange County), California",6606354,0,5513,2161.344075871379,2.550727605819702
"0640536","SL160","Las Flores CDP (Tehama County), California","Las Flores CDP (Tehama County), California",926091,0,84,234.9218220897696,0.3575657606124878
"0640592","SL160","Las Lomas CDP, California","Las Lomas CDP, California",2685684,0,3355,3235.4549779193185,1.0369484424591064
"0640704","SL160","Lathrop city, California","Lathrop city, California",51349617,3058352,35052,1767.963730531068,19.82619857788086
"0640746","SL160","Laton CDP, California","Laton CDP, California",6545990,0,1453,574.8943295827888,2.527420997619629
"0640830","SL160","La Verne city, California","La Verne city, California",21812274,288109,30600,3633.442080739117,8.42176628112793
"0640872","SL160","La Vina CDP, California","La Vina CDP, California",260865,0,789,7833.555539626746,0.10072054713964462
"0640886","SL160","Lawndale city, California","Lawndale city, California",5107874,0,30781,15607.749786383783,1.9721612930297852
"0640928","SL160","Laytonville CDP, California","Laytonville CDP, California",13908641,163478,720,134.07429829511273,5.370156764984131
"0640956","SL160","Lebec CDP, California","Lebec CDP, California",39689131,760,797,52.00971394737586,15.324060440063477
"0640998","SL160","Lee Vining CDP, California","Lee Vining CDP, California",13483686,6196,628,120.6281784607392,5.206080436706543
"0641026","SL160","Leggett CDP, California","Leggett CDP, California",7003204,0,24,8.87589617957468,2.7039523124694824
"0641040","SL160","Le Grand CDP, California","Le Grand CDP, California",2953204,0,1636,1434.7875170909315,1.1402385234832764
"0641110","SL160","Lemon Cove CDP, California","Lemon Cove CDP, California",3457953,0,484,362.5133671285042,1.3351231813430786
"0641124","SL160","Lemon Grove city, California","Lemon Grove city, California",10045731,0,27686,7137.998050079673,3.878678560256958
"0641142","SL160","Lemon Hill CDP, California","Lemon Hill CDP, California",4247517,0,15312,9336.72457533238,1.6399755477905271
"0641152","SL160","Lemoore city, California","Lemoore city, California",22828779,0,27102,3074.796654808999,8.814241409301758
"0641166","SL160","Lemoore Station CDP, California","Lemoore Station CDP, California",10965026,0,6175,1458.5625910551785,4.2336201667785645
"0641180","SL160","Lennox CDP, California","Lennox CDP, California",2831941,0,19449,17787.332346880703,1.0934185981750488
"0641194","SL160","Lenwood CDP, California","Lenwood CDP, California",5389420,0,3383,1625.7647908038095,2.080866813659668
"0641208","SL160","Leona Valley CDP, California","Leona Valley CDP, California",48155344,70714,1465,78.79359357408296,18.59288215637207
"0641278","SL160","Lewiston CDP, California","Lewiston CDP, California",51843522,0,2020,100.91475077987592,20.016895294189453
"0641282","SL160","Lexington Hills CDP, California","Lexington Hills CDP, California",12220701,88518,2692,570.5276558004803,4.718439102172852
"0641390","SL160","Likely CDP, California","Likely CDP, California",3441973,11716,0,0,1.3289532661437988
"0641474","SL160","Lincoln city, California","Lincoln city, California",62599874,110309,52956,2190.985388667136,24.169946670532227
"0641558","SL160","Lincoln Village CDP, California","Lincoln Village CDP, California",1903792,0,4241,5769.610791105032,0.7350582480430603
"0641572","SL160","Linda CDP, California","Linda CDP, California",22236546,0,23871,2780.359976504649,8.585578918457031
"0641656","SL160","Lindcove CDP, California","Lindcove CDP, California",295046,0,214,1878.545830220692,0.11391790211200714
"0641670","SL160","Linden CDP, California","Linden CDP, California",19189037,134701,2389,322.4487905473988,7.408928394317627
"0641712","SL160","Lindsay city, California","Lindsay city, California",7055435,0,12643,4641.134013584366,2.724118709564209
"0641740","SL160","Linnell Camp CDP, California","Linnell Camp CDP, California",303368,0,821,7009.243248246,0.11713104695081712
"0641782","SL160","Litchfield CDP, California","Litchfield CDP, California",10312458,0,65,16.3248391361522,3.9816625118255615
"0641789","SL160","Little Grass Valley CDP, California","Little Grass Valley CDP, California",25897822,0,10,1.0000794473819417,9.999205589294434
"0641866","SL160","Little River CDP, California","Little River CDP, California",4331558,0,94,56.20584392289029,1.6724239587783811
"0641880","SL160","Littlerock CDP, California","Littlerock CDP, California",4772931,3763,1398,758.6121185955958,1.842839002609253
"0641908","SL160","Little Valley CDP, California","Little Valley CDP, California",1076095,26795,60,144.41037600341377,0.41548261046409607
"0641922","SL160","Live Oak CDP, California","Live Oak CDP, California",8398178,0,16911,5215.331892821763,3.2425549030303955
"0641936","SL160","Live Oak city, California","Live Oak city, California",8083317,0,9347,2994.886658087838,3.120986223220825
"0641992","SL160","Livermore city, California","Livermore city, California",68494311,9862,85522,3233.859112049959,26.445802688598633
"0642006","SL160","Livingston city, California","Livingston city, California",9518104,7397,14606,3974.4643649609297,3.674960613250733
"0642104","SL160","Lockeford CDP, California","Lockeford CDP, California",21603060,120019,3838,460.1373274671398,8.340988159179688
"0642142","SL160","Lockwood CDP (Amador County), California","Lockwood CDP (Amador County), California",14082298,0,730,134.2601380188302,5.437205791473389
"0642146","SL160","Lockwood CDP (Monterey County), California","Lockwood CDP (Monterey County), California",28157116,86923,240,22.076022014419955,10.8715238571167
"0642202","SL160","Lodi city, California","Lodi city, California",35327014,581028,67607,4956.5840622899395,13.639837265014648
"0642230","SL160","Lodoga CDP, California","Lodoga CDP, California",8772455,0,259,76.46740702906921,3.387063980102539
"0642328","SL160","Loleta CDP, California","Loleta CDP, California",5500846,0,723,340.413351512769,2.1238884925842285
"0642370","SL160","Loma Linda city, California","Loma Linda city, California",19786632,2371,25122,3288.3654661738965,7.63966178894043
"0642384","SL160","Loma Mar CDP, California","Loma Mar CDP, California",4487609,0,309,178.33690766726,1.732675552368164
"0642412","SL160","Loma Rica CDP, California","Loma Rica CDP, California",47881271,0,2343,126.73727942454742,18.487062454223633
"0642468","SL160","Lomita city, California","Lomita city, California",4952726,0,20225,10576.50022738345,1.912258267402649
"0642510","SL160","Lompico CDP, California","Lompico CDP, California",8749690,315,788,233.25517621992577,3.378274440765381
"0642524","SL160","Lompoc city, California","Lompoc city, California",30103861,201559,43646,3755.087011876575,11.62316608428955
"0642566","SL160","London CDP, California","London CDP, California",2115155,0,1800,2204.0835737653015,0.8166659474372864
"0642580","SL160","Lone Pine CDP, California","Lone Pine CDP, California",49299705,468049,1439,75.59868240224608,19.03472328186035
"0642622","SL160","Long Barn CDP, California","Long Barn CDP, California",7478480,3839,29,10.043438318324508,2.8874573707580566
"0643000","SL160","Long Beach city, California","Long Beach city, California",131345808,70260174,455548,8982.8817009793,50.7129020690918
"0643126","SL160","Lookout CDP, California","Lookout CDP, California",14152115,322967,49,8.96752271694159,5.464162349700928
"0643140","SL160","Loomis town, California","Loomis town, California",18820030,0,6853,943.1009049233342,7.266454696655273
"0643224","SL160","Los Alamitos city, California","Los Alamitos city, California",10382990,161830,11794,2941.9578797472946,4.008894920349121
"0643252","SL160","Los Alamos CDP, California","Los Alamos CDP, California",2341055,0,1163,1286.6660587635836,0.9038864374160768
"0643280","SL160","Los Altos city, California","Los Altos city, California",16938030,0,30698,4694.020032991672,6.5398101806640625
"0643294","SL160","Los Altos Hills town, California","Los Altos Hills town, California",23385699,0,8377,927.7605747857888,9.029269218444824
"0644000","SL160","Los Angeles city, California","Los Angeles city, California",1215978552,83031312,3857263,8215.823625001885,469.491943359375
"0644028","SL160","Los Banos city, California","Los Banos city, California",25882590,320639,47593,4762.479297932198,9.993324279785156
"0644042","SL160","Los Berros CDP, California","Los Berros CDP, California",6507454,0,145,57.710472382530654,2.512542247772217
"0644112","SL160","Los Gatos town, California","Los Gatos town, California",29914395,206446,32786,2838.611390391945,11.550013542175291
"0644140","SL160","Los Molinos CDP, California","Los Molinos CDP, California",5637052,80526,1604,736.9704133429863,2.176478147506714
"0644168","SL160","Los Olivos CDP, California","Los Olivos CDP, California",6778819,1039,1038,396.58937373916245,2.617316722869873
"0644182","SL160","Los Osos CDP, California","Los Osos CDP, California",33057047,52650,14166,1109.8925075277996,12.763398170471191
"0644242","SL160","Los Ranchos CDP, California","Los Ranchos CDP, California",7482152,8695,1467,507.8100904519428,2.8888752460479736
"0644280","SL160","Lost Hills CDP, California","Lost Hills CDP, California",14378327,30536,1926,346.93306246009183,5.5515031814575195
"0644350","SL160","Lower Lake CDP, California","Lower Lake CDP, California",6906625,64423,635,238.12533354433407,2.6666629314422607
"0644364","SL160","Loyalton city, California","Loyalton city, California",920711,0,748,2104.1467760264213,0.35548850893974304
"0644378","SL160","Loyola CDP, California","Loyola CDP, California",3600984,0,3430,2467.008758062406,1.3903477191925049
"0644399","SL160","Lucas Valley-Marinwood CDP, California","Lucas Valley-Marinwood CDP, California",14843405,0,6473,1129.4573047993383,5.7310709953308105
"0644406","SL160","Lucerne CDP, California","Lucerne CDP, California",13916576,35489,3435,639.2814208862613,5.373220443725586
"0644420","SL160","Lucerne Valley CDP, California","Lucerne Valley CDP, California",273570981,0,5957,56.39691210840399,105.62635040283205
"0644574","SL160","Lynwood city, California","Lynwood city, California",12537268,0,64578,13340.725444912056,4.8406662940979
"0644644","SL160","Lytle Creek CDP, California","Lytle Creek CDP, California",15586138,0,672,111.66794019395216,6.017841815948486
"0644672","SL160","Mabie CDP, California","Mabie CDP, California",9430660,0,107,29.385929670154965,3.6411983966827393
"0644700","SL160","McArthur CDP, California","McArthur CDP, California",2593485,78202,346,345.5334730010974,1.001350164413452
"0644760","SL160","McClellan Park CDP, California","McClellan Park CDP, California",10536176,0,1486,365.2864437174222,4.068040370941162
"0644770","SL160","McClenney Tract CDP, California","McClenney Tract CDP, California",1595077,0,3,4.87121539861458,0.6158627271652222
"0644784","SL160","McCloud CDP, California","McCloud CDP, California",6273613,170633,829,342.2430022374729,2.422255516052246
"0644812","SL160","Macdoel CDP, California","Macdoel CDP, California",432723,0,184,1101.2998905748748,0.1670752912759781
"0644826","SL160","McFarland city, California","McFarland city, California",6934184,0,14222,5312.061079529896,2.6773035526275635
"0644830","SL160","McGee Creek CDP, California","McGee Creek CDP, California",10384180,0,0,0,4.009354591369629
"0644910","SL160","McKinleyville CDP, California","McKinleyville CDP, California",54083206,657148,17113,819.523624554085,20.88164329528809
"0644924","SL160","McKittrick CDP, California","McKittrick CDP, California",6778294,0,67,25.600718303736222,2.6171140670776367
"0645006","SL160","McSwain CDP, California","McSwain CDP, California",15609041,0,5783,959.5657030839932,6.026684761047363
"0645008","SL160","Madeline CDP, California","Madeline CDP, California",137117,0,0,0,0.05294117331504822
"0645022","SL160","Madera city, California","Madera city, California",42668924,0,67831,4117.316953125796,16.474563598632812
"0645050","SL160","Madera Acres CDP, California","Madera Acres CDP, California",18858998,0,9846,1352.193853041172,7.281500339508057
"0645054","SL160","Madera Ranchos CDP, California","Madera Ranchos CDP, California",6747243,0,3037,1165.7789088311947,2.605125188827514
"0645064","SL160","Madison CDP, California","Madison CDP, California",4004365,0,805,520.6668991594714,1.5460940599441528
"0645092","SL160","Mad River CDP, California","Mad River CDP, California",91131300,0,272,7.730348792368262,35.18599319458008
"0645120","SL160","Magalia CDP, California","Magalia CDP, California",36313238,10648,7389,527.009455717565,14.020621299743652
"0645232","SL160","Malaga CDP, California","Malaga CDP, California",709462,0,780,2847.496544593028,0.2739248275756836
"0645246","SL160","Malibu city, California","Malibu city, California",51403234,205274315,10421,525.0694318989848,19.846899032592773
"0645358","SL160","Mammoth Lakes town, California","Mammoth Lakes town, California",64402450,1139030,7214,290.1158934489518,24.86592483520508
"0645386","SL160","Manchester CDP, California","Manchester CDP, California",6780881,0,184,70.27963035966779,2.618112802505493
"0645400","SL160","Manhattan Beach city, California","Manhattan Beach city, California",10189493,16389932,34210,8695.573698107468,3.93418550491333
"0645414","SL160","Manila CDP, California","Manila CDP, California",1805140,17823,985,1413.2633051149169,0.6969684958457947
"0645484","SL160","Manteca city, California","Manteca city, California",55396449,61889,89043,4163.088248594392,21.388689041137695
"0645512","SL160","Manton CDP, California","Manton CDP, California",45833424,67403,629,35.543983715459426,17.69638442993164
"0645680","SL160","March ARB CDP, California","March ARB CDP, California",30879362,36554,1273,106.77210862071132,11.922589302062988
"0645736","SL160","Maricopa city, California","Maricopa city, California",4054515,0,984,628.5704005922629,1.565457105636597
"0645778","SL160","Marina city, California","Marina city, California",23070824,2333714,22563,2532.978289999696,8.907695770263672
"0645806","SL160","Marina del Rey CDP, California","Marina del Rey CDP, California",2221336,1546421,9176,10698.844939729765,0.8576626777648926
"0645820","SL160","Marin City CDP, California","Marin City CDP, California",1390167,0,3195,5952.530642595006,0.5367465019226074
"0645932","SL160","Mariposa CDP, California","Mariposa CDP, California",10455849,8859,1137,281.6429768196264,4.0370259284973145
"0645988","SL160","Markleeville CDP, California","Markleeville CDP, California",16914713,0,110,16.84324765562739,6.530807018280029
"0646100","SL160","Martell CDP, California","Martell CDP, California",5664199,2501,180,82.30605074386993,2.1869595050811768
"0646114","SL160","Martinez city, California","Martinez city, California",32712527,2599576,36903,2921.765340162736,12.630377769470217
"0646170","SL160","Marysville city, California","Marysville city, California",8971193,312457,12726,3674.002737569054,3.463797092437744
"0646223","SL160","Matheny CDP, California","Matheny CDP, California",1109244,0,572,1335.570130507518,0.4282815158367157
"0646226","SL160","Mather CDP, California","Mather CDP, California",25964878,64570,4520,450.8685031261668,10.02509593963623
"0646338","SL160","Maxwell CDP, California","Maxwell CDP, California",5569332,0,1245,578.9805616786429,2.1503312587738037
"0646400","SL160","Mayfair CDP, California","Mayfair CDP, California",1342684,0,5044,9729.690786234713,0.5184131860733032
"0646436","SL160","Mayflower Village CDP, California","Mayflower Village CDP, California",1777078,0,4950,7214.337562208914,0.6861336827278137
"0646492","SL160","Maywood city, California","Maywood city, California",3034744,0,24317,20753.230021436324,1.1717212200164795
"0646520","SL160","Meadowbrook CDP, California","Meadowbrook CDP, California",17396243,60335,2627,391.11306936767494,6.7167277336120605
"0646618","SL160","Meadow Valley CDP, California","Meadow Valley CDP, California",22066143,0,363,42.60670456609918,8.51978588104248
"0646632","SL160","Meadow Vista CDP, California","Meadow Vista CDP, California",13678314,402245,3162,598.7245423358781,5.281226634979248
"0646646","SL160","Mead Valley CDP, California","Mead Valley CDP, California",49415773,0,19286,1010.8212043139916,19.07953643798828
"0646660","SL160","Mecca CDP, California","Mecca CDP, California",18023371,0,7184,1032.3525169671436,6.958863258361816
"0646702","SL160","Meiners Oaks CDP, California","Meiners Oaks CDP, California",6315365,0,3934,1613.368773412236,2.4383761882781982
"0646814","SL160","Mendocino CDP, California","Mendocino CDP, California",5846594,2006861,574,254.27678588497076,2.25738263130188
"0646828","SL160","Mendota city, California","Mendota city, California",8788277,8333,12577,3706.5602244631978,3.3931729793548584
"0646842","SL160","Menifee city, California","Menifee city, California",120369471,381612,110305,2373.4309372311855,46.47491455078125
"0646870","SL160","Menlo Park city, California","Menlo Park city, California",25873981,19152744,32727,3275.9760510321735,9.989999771118164
"0646884","SL160","Mentone CDP, California","Mentone CDP, California",15826124,30802,9514,1556.9918558050244,6.110500812530518
"0646898","SL160","Merced city, California","Merced city, California",60228129,0,91953,3954.251482295136,23.25421142578125
"0646926","SL160","Meridian CDP, California","Meridian CDP, California",13713975,0,319,60.24556259670144,5.2949957847595215
"0647013","SL160","Mesa CDP, California","Mesa CDP, California",9072237,395419,343,97.92136974970887,3.502810478210449
"0647066","SL160","Mesa Verde CDP, California","Mesa Verde CDP, California",11139877,0,1016,236.2169517606463,4.301130771636963
"0647086","SL160","Mesa Vista CDP, California","Mesa Vista CDP, California",12627546,0,445,91.27225771520432,4.875523090362549
"0647164","SL160","Mettler CDP, California","Mettler CDP, California",602290,0,140,602.0327719139916,0.23254548013210297
"0647192","SL160","Mexican Colony CDP, California","Mexican Colony CDP, California",82312,0,148,4656.893507699178,0.03178084269165993
"0647206","SL160","Meyers CDP, California","Meyers CDP, California",6473356,36532,1995,798.198983396778,2.4993767738342285
"0647332","SL160","Middletown CDP, California","Middletown CDP, California",4776232,0,1572,852.4420675306179,1.84411358833313
"0647374","SL160","Midpines CDP, California","Midpines CDP, California",11289069,8983,160,36.707905368032655,4.358734130859375
"0647430","SL160","Midway City CDP, California","Midway City CDP, California",1578759,0,7999,13122.531185738431,0.6095622777938843
"0647472","SL160","Milford CDP, California","Milford CDP, California",13705685,14513,0,0,5.291794776916504
"0647486","SL160","Millbrae city, California","Millbrae city, California",8465890,61644,22689,6941.294928232596,3.2686984539031982
"0647592","SL160","Millerton CDP, California","Millerton CDP, California",5077394,0,1159,591.2080378148524,1.9603928327560425
"0647710","SL160","Mill Valley city, California","Mill Valley city, California",12385974,218653,14012,2930.0007362569036,4.782251358032227
"0647724","SL160","Millville CDP, California","Millville CDP, California",20839153,433331,939,116.70335050159504,8.046041488647461
"0647766","SL160","Milpitas city, California","Milpitas city, California",34919473,99377,78578,5828.15457400999,13.482483863830566
"0647794","SL160","Mineral CDP, California","Mineral CDP, California",114744267,286834,133,3.0020534248660726,44.303009033203125
"0647822","SL160","Minkler CDP, California","Minkler CDP, California",15166528,0,857,146.34989598197606,5.855829238891602
"0648046","SL160","Mira Monte CDP, California","Mira Monte CDP, California",12470598,44675,6888,1430.551820179587,4.814925193786621
"0648060","SL160","Miranda CDP, California","Miranda CDP, California",3868285,20675,513,343.47619638636735,1.4935532808303833
"0648147","SL160","Mission Canyon CDP, California","Mission Canyon CDP, California",4662212,77753,2357,1309.378834563743,1.800090193748474
"0648186","SL160","Mission Hills CDP, California","Mission Hills CDP, California",3130522,20596,3859,3192.6827328296704,1.2087013721466064
"0648256","SL160","Mission Viejo city, California","Mission Viejo city, California",45737612,959475,92151,5218.243250631547,17.659391403198242
"0648298","SL160","Mi-Wuk Village CDP, California","Mi-Wuk Village CDP, California",7343670,16842,886,312.4771837583484,2.835407018661499
"0648354","SL160","Modesto city, California","Modesto city, California",111485793,4740717,219215,5092.704740993502,43.04490661621094
"0648410","SL160","Modjeska CDP, California","Modjeska CDP, California",5189981,0,714,356.3118090712342,2.0038628578186035
"0648448","SL160","Mohawk Vista CDP, California","Mohawk Vista CDP, California",30997962,0,48,4.010567535291719,11.96838092803955
"0648452","SL160","Mojave CDP, California","Mojave CDP, California",151185016,207337,5173,88.6199396069702,58.37286758422851
"0648480","SL160","Mokelumne Hill CDP, California","Mokelumne Hill CDP, California",7974096,6904,968,314.4066078501325,3.0788156986236572
"0648592","SL160","Monmouth CDP, California","Monmouth CDP, California",797858,0,115,373.3103057765314,0.30805471539497375
"0648602","SL160","Mono City CDP, California","Mono City CDP, California",20298298,0,342,43.63794014724533,7.837216854095459
"0648641","SL160","Mono Vista CDP, California","Mono Vista CDP, California",7319287,7275,3675,1300.428040933186,2.8259925842285156
"0648648","SL160","Monrovia city, California","Monrovia city, California",35306568,282054,37571,2756.1001899521257,13.631942749023438
"0648676","SL160","Monson CDP, California","Monson CDP, California",523997,0,162,800.7260371285056,0.20231638848781583
"0648690","SL160","Montague city, California","Montague city, California",4604513,39458,1479,831.9212604634284,1.7778124809265137
"0648718","SL160","Montalvin Manor CDP, California","Montalvin Manor CDP, California",832519,0,2063,6418.046166345669,0.32143738865852356
"0648760","SL160","Montara CDP, California","Montara CDP, California",10040503,0,2917,752.4518318111726,3.876660108566284
"0648788","SL160","Montclair city, California","Montclair city, California",14325101,0,37810,6836.073952380361,5.530952453613281
"0648816","SL160","Montebello city, California","Montebello city, California",21569294,104147,61045,7330.1340075969165,8.327951431274414
"0648844","SL160","Montecito CDP, California","Montecito CDP, California",23768259,20675380,9031,984.093110935555,9.176977157592772
"0648872","SL160","Monterey city, California","Monterey city, California",22390414,9365025,29613,3425.4533449032015,8.644987106323242
"0648914","SL160","Monterey Park city, California","Monterey Park city, California",19870660,155185,59132,7707.402501372007,7.672104835510254
"0648916","SL160","Monterey Park Tract CDP, California","Monterey Park Tract CDP, California",122388,0,74,1565.9959866680565,0.04725427180528641
"0648928","SL160","Monte Rio CDP, California","Monte Rio CDP, California",4934760,208218,876,459.7649031508235,1.9053215980529783
"0648956","SL160","Monte Sereno city, California","Monte Sereno city, California",4227643,0,3461,2120.318207097,1.632302165031433
"0648998","SL160","Montgomery Creek CDP, California","Montgomery Creek CDP, California",8424206,124022,134,41.19775719995535,3.2526042461395264
"0649045","SL160","Monument Hills CDP, California","Monument Hills CDP, California",10328922,0,1551,388.9148751133274,3.9880192279815674
"0649138","SL160","Moorpark city, California","Moorpark city, California",31796168,488806,35854,2920.5227396807372,12.276569366455078
"0649180","SL160","Morada CDP, California","Morada CDP, California",7721138,18742,3383,1134.7976431563995,2.9811482429504395
"0649187","SL160","Moraga town, California","Moraga town, California",24504014,22901,16769,1772.4242942965434,9.461052894592283
"0649270","SL160","Moreno Valley city, California","Moreno Valley city, California",132936988,547802,211666,4123.851304936837,51.32726287841797
"0649278","SL160","Morgan Hill city, California","Morgan Hill city, California",33509082,0,45425,3510.994646922596,12.937929153442385
"0649348","SL160","Morongo Valley CDP, California","Morongo Valley CDP, California",65317007,0,4209,166.89772220457073,25.219038009643555
"0649362","SL160","Morro Bay city, California","Morro Bay city, California",13796052,12945212,10692,2007.2518240745796,5.326685905456543
"0649432","SL160","Moskowite Corner CDP, California","Moskowite Corner CDP, California",7338786,11878,225,79.40650161397278,2.8335211277008057
"0649446","SL160","Moss Beach CDP, California","Moss Beach CDP, California",5815200,0,2683,1194.961069239631,2.2452614307403564
"0649488","SL160","Moss Landing CDP, California","Moss Landing CDP, California",1029920,531988,45,113.16360422709444,0.39765435457229614
"0649544","SL160","Mountain Center CDP, California","Mountain Center CDP, California",4880669,4439,45,23.87981176131813,1.8844369649887085
"0649558","SL160","Mountain Gate CDP, California","Mountain Gate CDP, California",5115620,0,742,375.6672874326987,1.9751520156860352
"0649582","SL160","Mountain House CDP, California","Mountain House CDP, California",11804529,0,25513,5597.7126251686495,4.5577545166015625
"0649592","SL160","Mountain Meadows CDP, California","Mountain Meadows CDP, California",10651128,19545,190,46.20146287651121,4.112423896789551
"0649600","SL160","Mountain Mesa CDP, California","Mountain Mesa CDP, California",2246361,0,600,691.7822926712306,0.8673248887062073
"0649628","SL160","Mountain Ranch CDP, California","Mountain Ranch CDP, California",10127780,0,324,82.85686475953328,3.91035795211792
"0649651","SL160","Mountain View CDP, California","Mountain View CDP, California",743924,0,2418,8418.32105253219,0.2872306704521179
"0649670","SL160","Mountain View city, California","Mountain View city, California",30971479,719719,83732,7002.083145313814,11.958155632019045
"0649684","SL160","Mountain View Acres CDP, California","Mountain View Acres CDP, California",4114534,0,3512,2210.7090817256785,1.5886305570602417
"0649726","SL160","Mt. Bullion CDP, California","Mt. Bullion CDP, California",1580000,1730,71,116.38553612738971,0.6100414395332336
"0649768","SL160","Mount Hebron CDP, California","Mount Hebron CDP, California",1922181,0,73,98.36176543105768,0.7421582937240601
"0649796","SL160","Mount Hermon CDP, California","Mount Hermon CDP, California",1683560,0,939,1444.5571529567756,0.6500262022018433
"0649810","SL160","Mount Laguna CDP, California","Mount Laguna CDP, California",4395332,0,93,54.80106750106632,1.697047233581543
"0649852","SL160","Mount Shasta city, California","Mount Shasta city, California",9754373,9660,3182,844.8868987181546,3.7661845684051514
"0649950","SL160","Muir Beach CDP, California","Muir Beach CDP, California",1276408,0,311,631.0570586413291,0.4928238987922669
"0650034","SL160","Murphys CDP, California","Murphys CDP, California",10955540,6287,1951,461.23388778884583,4.2299580574035645
"0650076","SL160","Murrieta city, California","Murrieta city, California",87054765,93770,112064,3334.0440069806664,33.61203384399414
"0650132","SL160","Muscoy CDP, California","Muscoy CDP, California",7876493,0,12025,3954.120990687258,3.041131019592285
"0650146","SL160","Myers Flat CDP, California","Myers Flat CDP, California",1119279,141837,69,159.66454482254056,0.4321560561656952
"0650188","SL160","Myrtletown CDP, California","Myrtletown CDP, California",5436579,212721,5322,2535.4024033414207,2.0990750789642334
"0650258","SL160","Napa city, California","Napa city, California",46740284,792174,78239,4335.405063236287,18.046525955200195
"0650398","SL160","National City city, California","National City city, California",18893263,4727544,58893,8073.362344407738,7.294730186462402
"0650734","SL160","Needles city, California","Needles city, California",79196616,1289442,4872,159.33031160631975,30.577985763549805
"0650874","SL160","Nevada City city, California","Nevada City city, California",5661517,9642,3172,1451.102564779357,2.1859240531921387
"0650916","SL160","Newark city, California","Newark city, California",36051024,60526,46903,3369.6186597441806,13.919379234313965
"0651000","SL160","Newcastle CDP, California","Newcastle CDP, California",6194986,11387,1585,662.6537641345304,2.391897678375244
"0651028","SL160","New Cuyama CDP, California","New Cuyama CDP, California",1637550,0,555,877.8011669003045,0.6322616338729858
"0651042","SL160","Newell CDP, California","Newell CDP, California",6233913,14912,472,196.10064281847596,2.4069273471832275
"0651140","SL160","Newman city, California","Newman city, California",5342856,0,12316,5970.269693856523,2.0628883838653564
"0651168","SL160","New Pine Creek CDP, California","New Pine Creek CDP, California",5870148,0,84,37.061926873072395,2.26647686958313
"0651182","SL160","Newport Beach city, California","Newport Beach city, California",61626136,75442104,83845,3523.789676567373,23.79398536682129
"0651280","SL160","Nicasio CDP, California","Nicasio CDP, California",3379839,0,91,69.73376554389058,1.304963231086731
"0651294","SL160","Nice CDP, California","Nice CDP, California",4472124,12228,2569,1487.811830827301,1.7266968488693235
"0651336","SL160","Nicolaus CDP, California","Nicolaus CDP, California",8108490,0,102,32.58051480866347,3.1307055950164795
"0651392","SL160","Niland CDP, California","Niland CDP, California",1040220,0,1116,2778.668546085421,0.4016312062740326
"0651470","SL160","Nipinnawasee CDP, California","Nipinnawasee CDP, California",7990118,0,558,180.87508852781528,3.0850019454956055
"0651476","SL160","Nipomo CDP, California","Nipomo CDP, California",39044101,985,17516,1161.9227738887157,15.07501220703125
"0651560","SL160","Norco city, California","Norco city, California",35887653,569467,25054,1808.1305514397584,13.856300354003906
"0651574","SL160","Nord CDP, California","Nord CDP, California",5452534,0,190,90.25119261082422,2.1052353382110596
"0651622","SL160","Norris Canyon CDP, California","Norris Canyon CDP, California",9350215,0,1014,280.87565712839597,3.610138416290283
"0651637","SL160","North Auburn CDP, California","North Auburn CDP, California",20171681,7171,13480,1730.794751903028,7.788329601287842
"0651812","SL160","North Edwards CDP, California","North Edwards CDP, California",33012003,0,903,70.84571681425066,12.746006965637209
"0651820","SL160","North El Monte CDP, California","North El Monte CDP, California",1101654,0,4086,9606.184207559603,0.4253509938716888
"0651840","SL160","North Fair Oaks CDP, California","North Fair Oaks CDP, California",3097640,0,13100,10953.126129418024,1.1960055828094482
"0651868","SL160","North Fork CDP, California","North Fork CDP, California",83490248,112922,2999,93.03330570943692,32.23576736450195
"0651890","SL160","North Gate CDP, California","North Gate CDP, California",1904534,0,806,1096.084586274646,0.7353447079658508
"0651924","SL160","North Highlands CDP, California","North Highlands CDP, California",22821705,0,47957,5442.541031222669,8.811509132385254
"0651990","SL160","North Lakeport CDP, California","North Lakeport CDP, California",9832064,6993183,2995,788.9507483134701,3.7961812019348145
"0652162","SL160","North Richmond CDP, California","North Richmond CDP, California",3598945,412907,3855,2774.25855734468,1.3895604610443115
"0652246","SL160","North San Juan CDP, California","North San Juan CDP, California",6275144,0,179,73.88003254427505,2.422846794128418
"0652302","SL160","North Shore CDP, California","North Shore CDP, California",28952350,13989,3515,314.4410746849293,11.17856502532959
"0652379","SL160","North Tustin CDP, California","North Tustin CDP, California",17044528,0,25807,3921.4826515561062,6.580929279327393
"0652526","SL160","Norwalk city, California","Norwalk city, California",25141966,96906,99789,10279.717536047316,9.707367897033691
"0652582","SL160","Novato city, California","Novato city, California",71159604,1320903,52546,1912.5108782187651,27.474876403808594
"0652610","SL160","Nubieber CDP, California","Nubieber CDP, California",1939993,20921,7,9.34535099064347,0.7490355372428894
"0652624","SL160","Nuevo CDP, California","Nuevo CDP, California",17538033,0,6803,1004.6559365252974,6.771472454071045
"0652694","SL160","Oakdale city, California","Oakdale city, California",16121384,100699,23194,3726.242108038732,6.224501609802246
"0652715","SL160","Oak Glen CDP, California","Oak Glen CDP, California",38839776,11185,510,34.00879158952096,14.996122360229492
"0652760","SL160","Oak Hills CDP, California","Oak Hills CDP, California",63496967,0,9013,367.6327021254961,24.51631736755371
"0652764","SL160","Oakhurst CDP, California","Oakhurst CDP, California",86634988,19415,6091,182.0928999102034,33.44995880126953
"0653000","SL160","Oakland city, California","Oakland city, California",144861286,57244212,439418,7856.394377782141,55.93125534057617
"0653070","SL160","Oakley city, California","Oakley city, California",41091677,789638,45183,2847.862153732519,15.865585327148438
"0653116","SL160","Oak Park CDP, California","Oak Park CDP, California",13713403,0,13757,2598.222061398528,5.294774532318115
"0653140","SL160","Oak Run CDP, California","Oak Run CDP, California",7803833,12670,596,197.80445142177095,3.0130767822265625
"0653160","SL160","Oak Shores CDP, California","Oak Shores CDP, California",13178331,2012447,128,25.156330629728608,5.08818244934082
"0653182","SL160","Oak View CDP, California","Oak View CDP, California",8822791,0,6141,1802.730652219376,3.406498908996582
"0653196","SL160","Oakville CDP, California","Oakville CDP, California",3522356,0,0,0,1.3599892854690552
"0653224","SL160","Oasis CDP, California","Oasis CDP, California",50832299,0,4051,206.40501586115653,19.626461029052734
"0653266","SL160","Occidental CDP, California","Occidental CDP, California",12862112,0,1225,246.6729731712385,4.966089248657227
"0653294","SL160","Oceano CDP, California","Oceano CDP, California",3979427,39216,7128,4639.219321324256,1.536465406417847
"0653322","SL160","Oceanside city, California","Oceanside city, California",106889690,2296235,172242,4173.505722091195,41.27033996582031
"0653378","SL160","Ocotillo CDP, California","Ocotillo CDP, California",22959357,0,118,13.311287131397089,8.864657402038574
"0653448","SL160","Oildale CDP, California","Oildale CDP, California",20484547,0,34687,4385.691707032977,7.909128665924072
"0653476","SL160","Ojai city, California","Ojai city, California",11281691,39811,7577,1739.4855742021252,4.3558855056762695
"0653490","SL160","Olancha CDP, California","Olancha CDP, California",20311991,79710,113,14.408662434385906,7.842504501342773
"0653503","SL160","Olde Stockdale CDP, California","Olde Stockdale CDP, California",1054819,0,349,856.9298033030718,0.40726789832115173
"0653505","SL160","Old Fig Garden CDP, California","Old Fig Garden CDP, California",4317800,0,5503,3300.918008896692,1.6671119928359983
"0653574","SL160","Old River CDP, California","Old River CDP, California",2550660,0,134,136.0661150942414,0.9848153591156006
"0653602","SL160","Old Station CDP, California","Old Station CDP, California",5749143,3443,0,0,2.219756603240967
"0653603","SL160","Old Stine CDP, California","Old Stine CDP, California",1597542,0,3760,6095.836591235249,0.6168144345283508
"0653714","SL160","Olivehurst CDP, California","Olivehurst CDP, California",21791564,0,18444,2192.1205974103873,8.41377067565918
"0653882","SL160","Ono CDP, California","Ono CDP, California",4931419,7877,37,19.432450245505073,1.9040316343307495
"0653896","SL160","Ontario city, California","Ontario city, California",129425158,75071,180547,3613.0112407274496,49.971336364746094
"0653910","SL160","Onyx CDP, California","Onyx CDP, California",29658338,203115,245,21.39523293968719,11.451148986816406
"0653980","SL160","Orange city, California","Orange city, California",66478667,386916,138266,5386.799803495424,25.667558670043945
"0653987","SL160","Orange Blossom CDP, California","Orange Blossom CDP, California",9892153,396333,1062,278.0554758756247,3.819381713867187
"0654008","SL160","Orange Cove city, California","Orange Cove city, California",4640753,0,9695,5410.745663489269,1.7918047904968262
"0654092","SL160","Orangevale CDP, California","Orangevale CDP, California",29657948,397602,35958,3140.1628956924496,11.450998306274414
"0654120","SL160","Orcutt CDP, California","Orcutt CDP, California",28030109,5696,31454,2906.3562864909227,10.82248592376709
"0654218","SL160","Orick CDP, California","Orick CDP, California",12290818,270118,199,41.93436232642913,4.745511531829834
"0654232","SL160","Orinda city, California","Orinda city, California",33285592,40530,19514,1518.405462899345,12.851639747619627
"0654274","SL160","Orland city, California","Orland city, California",7740922,0,8357,2796.117682355153,2.9887869358062744
"0654372","SL160","Orosi CDP, California","Orosi CDP, California",6672042,0,8966,3480.468652382289,2.576089859008789
"0654386","SL160","Oroville city, California","Oroville city, California",35830540,47848,19752,1427.7608629983383,13.83424949645996
"0654388","SL160","Oroville East CDP, California","Oroville East CDP, California",55935091,415638,7504,347.4611253154015,21.596660614013672
"0654652","SL160","Oxnard city, California","Oxnard city, California",68707177,32677585,200928,7574.18852373621,26.527990341186523
"0654764","SL160","Pacheco CDP, California","Pacheco CDP, California",1945578,0,4325,5757.516713006497,0.7511919140815735
"0654806","SL160","Pacifica city, California","Pacifica city, California",32589429,23854,37261,2961.2529334002525,12.582849502563477
"0654848","SL160","Pacific Grove city, California","Pacific Grove city, California",7422061,2925786,14951,5217.272148017385,2.865673780441284
"0655044","SL160","Pajaro CDP, California","Pajaro CDP, California",2400620,0,2899,3127.681726869602,0.9268845915794371
"0655048","SL160","Pajaro Dunes CDP, California","Pajaro Dunes CDP, California",6640875,62511,143,55.77100417762649,2.564056396484375
"0655058","SL160","Pala CDP, California","Pala CDP, California",14604078,0,914,162.09507270104203,5.638666152954102
"0655086","SL160","Palermo CDP, California","Palermo CDP, California",75529077,37114,5266,180.57782589290153,29.161941528320312
"0655156","SL160","Palmdale city, California","Palmdale city, California",274705334,629569,164634,1552.2089128635862,106.0643310546875
"0655184","SL160","Palm Desert city, California","Palm Desert city, California",69443541,528740,51990,1939.0351864562992,26.81230354309082
"0655254","SL160","Palm Springs city, California","Palm Springs city, California",244875470,358065,45070,476.6943765312741,94.54695129394533
"0655282","SL160","Palo Alto city, California","Palo Alto city, California",62408630,4940291,67237,2790.3674784603013,24.09610939025879
"0655296","SL160","Palo Cedro CDP, California","Palo Cedro CDP, California",21184711,280522,3685,450.51855187296786,8.179463386535645
"0655310","SL160","Paloma CDP, California","Paloma CDP, California",,,450,,
"0655380","SL160","Palos Verdes Estates city, California","Palos Verdes Estates city, California",12369151,33350007,12925,2706.377863240985,4.775755882263184
"0655422","SL160","Palo Verde CDP, California","Palo Verde CDP, California",1502113,0,75,129.31723250759717,0.5799691081047058
"0655506","SL160","Panorama Heights CDP, California","Panorama Heights CDP, California",1230480,0,67,141.02561097328348,0.47509101033210754
"0655520","SL160","Paradise town, California","Paradise town, California",47439306,34214,7392,403.5723646105967,18.316417694091797
"0655528","SL160","Paradise CDP, California","Paradise CDP, California",11271636,0,241,55.37679882088072,4.35200309753418
"0655604","SL160","Paradise Park CDP, California","Paradise Park CDP, California",720542,0,470,1689.4148670296472,0.2782028317451477
"0655618","SL160","Paramount city, California","Paramount city, California",12242010,283684,52050,11011.989220116988,4.726666450500488
"0655728","SL160","Parklawn CDP, California","Parklawn CDP, California",345236,0,1478,11088.07384916976,0.13329637050628662
"0655751","SL160","Parksdale CDP, California","Parksdale CDP, California",4500371,0,2885,1660.3331638546492,1.7376030683517456
"0655800","SL160","Parkway CDP, California","Parkway CDP, California",6240067,0,15397,6390.643797330741,2.4093034267425537
"0655842","SL160","Parkwood CDP, California","Parkwood CDP, California",1804074,0,1758,2523.842754819004,0.6965568661689758
"0655856","SL160","Parlier city, California","Parlier city, California",6238407,0,14507,6022.844484469095,2.4086625576019287
"0656000","SL160","Pasadena city, California","Pasadena city, California",59470461,366889,136969,5965.113936003814,22.961673736572266
"0656028","SL160","Pasatiempo CDP, California","Pasatiempo CDP, California",2305899,0,610,685.1525989178392,0.8903126120567322
"0656042","SL160","Paskenta CDP, California","Paskenta CDP, California",2799215,0,61,56.440561576349246,1.0807830095291138
"0656112","SL160","Patterson city, California","Patterson city, California",20167365,222151,24693,3171.1915392065653,7.786663055419922
"0656120","SL160","Patterson Tract CDP, California","Patterson Tract CDP, California",3744512,0,2090,1445.6022794950738,1.445764183998108
"0656140","SL160","Patton Village CDP, California","Patton Village CDP, California",9040567,0,473,135.50747034062348,3.4905824661254883
"0656182","SL160","Paxton CDP, California","Paxton CDP, California",863831,0,0,0,0.3335270285606384
"0656196","SL160","Paynes Creek CDP, California","Paynes Creek CDP, California",8887673,3777,0,0,3.4315497875213623
"0656294","SL160","Pearsonville CDP, California","Pearsonville CDP, California",10648134,210748,17,4.134977771277574,4.111267566680908
"0656476","SL160","Penngrove CDP, California","Penngrove CDP, California",10446983,0,2119,525.3368142485505,4.033602714538574
"0656518","SL160","Penn Valley CDP, California","Penn Valley CDP, California",5494646,0,1678,790.9517495347933,2.121494770050049
"0656546","SL160","Penryn CDP, California","Penryn CDP, California",4928719,0,1114,585.394825046998,1.902989149093628
"0656598","SL160","Pepperdine University CDP, California","Pepperdine University CDP, California",1393957,0,3087,5735.680920982322,0.538209855556488
"0656700","SL160","Perris city, California","Perris city, California",81672650,279334,80511,2553.150030929255,31.53398704528809
"0656756","SL160","Pescadero CDP, California","Pescadero CDP, California",10426487,22322,691,171.64763063753054,4.025689125061035
"0656784","SL160","Petaluma city, California","Petaluma city, California",37333943,277684,59247,4110.174424406709,14.414716720581056
"0656786","SL160","Petaluma Center CDP, California","Petaluma Center CDP, California",3038425,0,763,650.3898426110349,1.1731425523757937
"0656798","SL160","Peters CDP, California","Peters CDP, California",6542371,15743,568,224.85933784625468,2.526023626327514
"0656826","SL160","Phelan CDP, California","Phelan CDP, California",155638217,0,18496,307.7933909632082,60.09225845336914
"0656854","SL160","Phillipsville CDP, California","Phillipsville CDP, California",1850731,73250,0,0,0.7145712375640869
"0656868","SL160","Philo CDP, California","Philo CDP, California",5353556,0,60,29.027299532198832,2.0670197010040283
"0656870","SL160","Phoenix Lake CDP, California","Phoenix Lake CDP, California",28679791,334098,4794,432.9321019275481,11.07332992553711
"0656924","SL160","Pico Rivera city, California","Pico Rivera city, California",21536859,1518068,60272,7248.213162458387,8.315428733825684
"0656938","SL160","Piedmont city, California","Piedmont city, California",4402397,0,10945,6439.087148400908,1.6997750997543335
"0657011","SL160","Pierpoint CDP, California","Pierpoint CDP, California",1056404,0,34,83.35787303073218,0.40787988901138306
"0657036","SL160","Pike CDP, California","Pike CDP, California",11194524,0,34,7.866310002909192,4.322229862213135
"0657070","SL160","Pine Canyon CDP, California","Pine Canyon CDP, California",8639261,2301,2477,742.5866714965493,3.3356375694274902
"0657134","SL160","Pine Flat CDP, California","Pine Flat CDP, California",2588599,1961,228,228.12234716891209,0.999463677406311
"0657148","SL160","Pine Grove CDP, California","Pine Grove CDP, California",19383669,0,3040,406.19574105432946,7.484076499938965
"0657204","SL160","Pine Hills CDP, California","Pine Hills CDP, California",26200979,107370,2875,284.19605713341383,10.116255760192873
"0657240","SL160","Pine Mountain Club CDP, California","Pine Mountain Club CDP, California",43647394,16918,2838,168.40379170992972,16.852352142333984
"0657244","SL160","Pine Mountain Lake CDP, California","Pine Mountain Lake CDP, California",49108026,726370,2498,131.7460911640072,18.96071434020996
"0657260","SL160","Pine Valley CDP, California","Pine Valley CDP, California",18555854,0,1786,249.28621881787043,7.164455413818359
"0657288","SL160","Pinole city, California","Pinole city, California",13218372,17242736,18761,3676.0023623033785,5.103641986846924
"0657302","SL160","PiÃÂÃÂÃÂÃÂÃÂÃÂÃÂÃÂ±on Hills CDP, California","PiÃÂÃÂÃÂÃÂÃÂÃÂÃÂÃÂ±on Hills CDP, California",83177827,7520,7065,219.9897063604501,32.11513900756836
"0657330","SL160","Pioneer CDP, California","Pioneer CDP, California",10199669,0,1155,293.28756895124724,3.9381144046783447
"0657372","SL160","Piru CDP, California","Piru CDP, California",8233997,40401,2185,687.2875643796289,3.179164171218872
"0657414","SL160","Pismo Beach city, California","Pismo Beach city, California",9057590,25582378,8014,2291.576886272908,3.49715518951416
"0657456","SL160","Pittsburg city, California","Pittsburg city, California",45780276,5359381,76257,4314.18815887314,17.67586326599121
"0657512","SL160","Pixley CDP, California","Pixley CDP, California",13597489,56590,3742,712.7591858013876,5.2500200271606445
"0657526","SL160","Placentia city, California","Placentia city, California",17124978,37381,52826,7989.423573079896,6.6119914054870605
"0657540","SL160","Placerville city, California","Placerville city, California",15126090,2192,10762,1842.740012611223,5.840216159820557
"0657568","SL160","Plainview CDP, California","Plainview CDP, California",591714,0,545,2385.516488606806,0.22846205532550812
"0657582","SL160","Planada CDP, California","Planada CDP, California",4511785,0,3506,2012.6176114359237,1.7420099973678589
"0657666","SL160","Platina CDP, California","Platina CDP, California",5357433,0,0,0,2.068516492843628
"0657764","SL160","Pleasant Hill city, California","Pleasant Hill city, California",18324535,3158,34235,4838.77122598449,7.075143337249756
"0657792","SL160","Pleasanton city, California","Pleasanton city, California",62524282,380831,76960,3187.9691714537844,24.14076042175293
"0657825","SL160","Pleasure Point CDP, California","Pleasure Point CDP, California",1941322,3274430,5489,7323.073461552531,0.7495486736297607
"0657828","SL160","Plumas Eureka CDP, California","Plumas Eureka CDP, California",10294401,0,372,93.5921887635106,3.9746906757354736
"0657829","SL160","Plumas Lake CDP, California","Plumas Lake CDP, California",30658926,891526,9418,795.6086804465983,11.837477684020996
"0657834","SL160","Plymouth city, California","Plymouth city, California",6860201,32811,1056,398.680334467036,2.6487386226654053
"0657876","SL160","Point Arena city, California","Point Arena city, California",3534168,0,789,578.2125999034654,1.364549994468689
"0657960","SL160","Point Reyes Station CDP, California","Point Reyes Station CDP, California",9364185,0,517,142.99416438542792,3.615532159805298
"0658030","SL160","Pollock Pines CDP, California","Pollock Pines CDP, California",22335059,83617,6212,720.3475351329209,8.623615264892578
"0658072","SL160","Pomona city, California","Pomona city, California",59530485,26188,147943,6436.544091076678,22.98484992980957
"0658134","SL160","Ponderosa CDP, California","Ponderosa CDP, California",2099863,9090,36,44.40269001091284,0.8107616901397705
"0658191","SL160","Poplar-Cotton Center CDP, California","Poplar-Cotton Center CDP, California",6151505,0,2171,914.0631453881782,2.3751094341278076
"0658226","SL160","Port Costa CDP, California","Port Costa CDP, California",409759,0,296,1870.9446755156907,0.15820884704589844
"0658240","SL160","Porterville city, California","Porterville city, California",48294868,141831,63157,3387.0239470701963,18.646753311157227
"0658296","SL160","Port Hueneme city, California","Port Hueneme city, California",11434772,646717,21582,4888.345822281812,4.414990425109863
"0658352","SL160","Portola city, California","Portola city, California",14003433,0,2441,451.4722014846559,5.4067559242248535
"0658380","SL160","Portola Valley town, California","Portola Valley town, California",23524913,3741,4305,473.9613424110868,9.083019256591797
"0658422","SL160","Posey CDP, California","Posey CDP, California",924093,0,0,0,0.3567943274974823
"0658436","SL160","Poso Park CDP, California","Poso Park CDP, California",112854,0,4,91.79959996870882,0.04357317462563515
"0658456","SL160","Post Mountain CDP, California","Post Mountain CDP, California",32146965,0,233,18.772136235137175,12.412013053894045
"0658471","SL160","Potomac Park CDP, California","Potomac Park CDP, California",3702470,0,10138,7091.832973267274,1.4295316934585571
"0658478","SL160","Potrero CDP, California","Potrero CDP, California",8157788,0,417,132.39189079738756,3.1497397422790527
"0658506","SL160","Potter Valley CDP, California","Potter Valley CDP, California",10430292,73557,436,108.26492822325758,4.027158260345459
"0658520","SL160","Poway city, California","Poway city, California",101210495,223435,48713,1246.571214480031,39.07759094238281
"0658618","SL160","Prattville CDP, California","Prattville CDP, California",1561232,0,57,94.5595001712115,0.6027950644493103
"0658758","SL160","Princeton CDP, California","Princeton CDP, California",3781914,0,365,249.96486840776487,1.4602051973342896
"0658814","SL160","Proberta CDP, California","Proberta CDP, California",3707383,0,865,604.2913751799471,1.4314286708831787
"0658870","SL160","Prunedale CDP, California","Prunedale CDP, California",119299815,368885,19723,428.1844944569111,46.061920166015625
"0658940","SL160","Pumpkin Center CDP, California","Pumpkin Center CDP, California",1209454,0,220,471.11948886617455,0.46697282791137695
"0659052","SL160","Quartz Hill CDP, California","Quartz Hill CDP, California",9743175,896,11510,3059.6557760110995,3.761861085891723
"0659080","SL160","Quincy CDP, California","Quincy CDP, California",10939488,0,1317,311.80747961106215,4.22376012802124
"0659115","SL160","Rackerby CDP, California","Rackerby CDP, California",7650377,0,138,46.71905068660739,2.953827142715454
"0659220","SL160","Rail Road Flat CDP, California","Rail Road Flat CDP, California",23510266,371269,498,54.861736231033525,9.077364921569824
"0659248","SL160","Rainbow CDP, California","Rainbow CDP, California",28600970,0,2029,183.7380294310994,11.042896270751951
"0659290","SL160","Raisin City CDP, California","Raisin City CDP, California",1967173,0,170,223.822695099466,0.7595297694206238
"0659346","SL160","Ramona CDP, California","Ramona CDP, California",99548576,49343,22634,588.8762277254707,38.43592071533203
"0659426","SL160","Rancho Calaveras CDP, California","Rancho Calaveras CDP, California",21707375,77009,7131,850.8262495771411,8.381264686584473
"0659444","SL160","Rancho Cordova city, California","Rancho Cordova city, California",89533866,795317,81849,2367.684213197936,34.56922149658203
"0659451","SL160","Rancho Cucamonga city, California","Rancho Cucamonga city, California",103885614,24723,175411,4373.198173949902,40.1104621887207
"0659500","SL160","Rancho Mirage city, California","Rancho Mirage city, California",65663784,1008457,17563,692.740442711035,25.352930068969727
"0659503","SL160","Rancho Mission Viejo CDP, California","Rancho Mission Viejo CDP, California",97918365,0,11971,316.63870953811147,37.806495666503906
"0659506","SL160","Rancho Murieta CDP, California","Rancho Murieta CDP, California",30776825,467881,5875,494.40383389484,11.8829984664917
"0659514","SL160","Rancho Palos Verdes city, California","Rancho Palos Verdes city, California",34892681,67929785,40864,3033.22278017822,13.472139358520508
"0659550","SL160","Rancho San Diego CDP, California","Rancho San Diego CDP, California",22523642,0,21272,2446.0619465251434,8.696427345275879
"0659584","SL160","Rancho Santa Fe CDP, California","Rancho Santa Fe CDP, California",17384981,188500,2260,336.6913828478161,6.71237850189209
"0659587","SL160","Rancho Santa Margarita city, California","Rancho Santa Margarita city, California",33399722,122877,46990,3643.8487998226906,12.895705223083496
"0659604","SL160","Rancho Tehama Reserve CDP, California","Rancho Tehama Reserve CDP, California",30267928,200213,978,83.68621199740791,11.68651294708252
"0659668","SL160","Randsburg CDP, California","Randsburg CDP, California",4935915,100959,19,9.96973628827446,1.905767560005188
"0659892","SL160","Red Bluff city, California","Red Bluff city, California",19582197,295207,14549,1924.285457924847,7.560728549957275
"0659896","SL160","Red Corral CDP, California","Red Corral CDP, California",16324174,0,1096,173.89099047899185,6.302799224853516
"0659906","SL160","Redcrest CDP, California","Redcrest CDP, California",1549190,0,12,20.06200483138483,0.598145604133606
"0659920","SL160","Redding city, California","Redding city, California",154482290,3954285,93409,1566.0578040419607,59.64594650268555
"0659962","SL160","Redlands city, California","Redlands city, California",93218621,673021,73375,2038.6524140164815,35.991912841796875
"0660018","SL160","Redondo Beach city, California","Redondo Beach city, California",16070262,29367,69291,11167.388781610303,6.204762935638428
"0660088","SL160","Redway CDP, California","Redway CDP, California",3239490,55629,1145,915.4330575679926,1.2507741451263428
"0660102","SL160","Redwood City city, California","Redwood City city, California",50080819,39901458,82447,4263.842798982856,19.336313247680664
"0660214","SL160","Redwood Valley CDP, California","Redwood Valley CDP, California",7112072,31597,1898,691.1905890704426,2.7459864616394043
"0660242","SL160","Reedley city, California","Reedley city, California",14269146,185397,25609,4648.281098890846,5.509348392486572
"0660279","SL160","Reliez Valley CDP, California","Reliez Valley CDP, California",6112920,0,3173,1344.3709816055346,2.3602116107940674
"0660370","SL160","Rexland Acres CDP, California","Rexland Acres CDP, California",1345980,0,2760,5310.901268178795,0.5196858048439026
"0660466","SL160","Rialto city, California","Rialto city, California",62393481,0,104143,4323.033881005996,24.09025764465332
"0660592","SL160","Richfield CDP, California","Richfield CDP, California",1417240,0,194,354.53253429040717,0.5471994280815125
"0660606","SL160","Richgrove CDP, California","Richgrove CDP, California",1170649,0,1960,4336.3778995919365,0.45199012756347656
"0660620","SL160","Richmond city, California","Richmond city, California",77840004,58164107,115505,3843.2240749586863,30.0541934967041
"0660662","SL160","Richvale CDP, California","Richvale CDP, California",2401175,0,145,156.40187325070667,0.9270988702774048
"0660704","SL160","Ridgecrest city, California","Ridgecrest city, California",54029088,1671951,28225,1353.019537278825,20.860748291015625
"0660705","SL160","Ridgecrest Heights CDP, California","Ridgecrest Heights CDP, California",1564204,0,370,612.6410299556624,0.6039425730705261
"0660706","SL160","Ridgemark CDP, California","Ridgemark CDP, California",6656246,0,3403,1324.1290930674318,2.569991111755371
"0660900","SL160","Rio Dell city, California","Rio Dell city, California",5907972,350987,3349,1468.163737702437,2.281080722808838
"0660928","SL160","Rio del Mar CDP, California","Rio del Mar CDP, California",7770134,4173062,9201,3066.932972068205,3.000065565109253
"0660942","SL160","Rio Linda CDP, California","Rio Linda CDP, California",25710392,0,16335,1645.5391061849675,9.926837921142578
"0660970","SL160","Rio Oso CDP, California","Rio Oso CDP, California",16834414,0,437,67.23279635204173,6.4998040199279785
"0660984","SL160","Rio Vista city, California","Rio Vista city, California",17094324,1283585,10102,1530.5699228336753,6.600155830383301
"0661012","SL160","Ripley CDP, California","Ripley CDP, California",4404857,0,476,279.88066544265206,1.7007248401641846
"0661026","SL160","Ripon city, California","Ripon city, California",13790583,499649,16201,3042.684732942215,5.324573993682861
"0661068","SL160","Riverbank city, California","Riverbank city, California",12204287,68157,25166,5340.71638092474,4.712101936340332
"0661096","SL160","Riverdale CDP, California","Riverdale CDP, California",10164976,0,3653,930.7671936387684,3.9247193336486816
"0661106","SL160","Riverdale Park CDP, California","Riverdale Park CDP, California",3765433,89580,1137,782.0657670607123,1.4538419246673584
"0661108","SL160","Rivergrove CDP, California","Rivergrove CDP, California",1703927,0,28,42.56031273575747,0.6578899025917053
"0661124","SL160","River Pines CDP, California","River Pines CDP, California",524419,0,374,1847.1022329223897,0.2024793177843094
"0662000","SL160","Riverside city, California","Riverside city, California",210387809,803475,319069,3927.912247567068,81.23119354248047
"0662168","SL160","Robbins CDP, California","Robbins CDP, California",6706066,22544,210,81.10529609381359,2.589226722717285
"0662200","SL160","Robinson Mill CDP, California","Robinson Mill CDP, California",3411263,0,100,75.9246033186277,1.3170961141586304
"0662364","SL160","Rocklin city, California","Rocklin city, California",51307151,57380,73327,3701.551194959543,19.809803009033203
"0662490","SL160","Rodeo CDP, California","Rodeo CDP, California",9741095,2286903,8976,2386.5625973215883,3.7610578536987305
"0662496","SL160","Rodriguez Camp CDP, California","Rodriguez Camp CDP, California",682112,0,45,170.86556718347876,0.2633649408817291
"0662546","SL160","Rohnert Park city, California","Rohnert Park city, California",18870233,12617,44575,6118.033661945551,7.285837650299072
"0662602","SL160","Rolling Hills city, California","Rolling Hills city, California",7746141,0,1509,504.546972768259,2.9908018112182617
"0662625","SL160","Rolling Hills CDP, California","Rolling Hills CDP, California",1555414,0,575,957.457667760802,0.6005487442016602
"0662644","SL160","Rolling Hills Estates city, California","Rolling Hills Estates city, California",9263827,94012,8131,2273.2714023446556,3.5767836570739746
"0662700","SL160","Rollingwood CDP, California","Rollingwood CDP, California",447766,0,3627,20979.45526059709,0.17288342118263245
"0662756","SL160","Romoland CDP, California","Romoland CDP, California",6848698,0,2268,857.6948408374152,2.6442971229553223
"0662826","SL160","Rosamond CDP, California","Rosamond CDP, California",134992549,554370,21473,411.9843295688377,52.12091445922851
"0662854","SL160","Rosedale CDP, California","Rosedale CDP, California",75813312,0,18877,644.8894290813722,29.271684646606445
"0662860","SL160","Rose Hills CDP, California","Rose Hills CDP, California",1128791,0,2314,5309.426005760537,0.43582865595817566
"0662896","SL160","Rosemead city, California","Rosemead city, California",13368558,35463,50013,9689.382569398324,5.1616291999816895
"0662910","SL160","Rosemont CDP, California","Rosemont CDP, California",11361196,0,23766,5417.885262513683,4.386582374572754
"0662938","SL160","Roseville city, California","Roseville city, California",114162282,0,155955,3538.135200737559,44.07830429077149
"0662980","SL160","Ross town, California","Ross town, California",4036002,0,2606,1672.3253666889916,1.5583091974258425
"0663050","SL160","Rossmoor CDP, California","Rossmoor CDP, California",4038884,0,11532,7395.048141025499,1.5594218969345093
"0663106","SL160","Rough and Ready CDP, California","Rough and Ready CDP, California",8217852,0,736,231.96222068516224,3.1729304790496826
"0663134","SL160","Round Mountain CDP, California","Round Mountain CDP, California",4342857,17581,169,100.78802266899996,1.6767865419387815
"0663148","SL160","Round Valley CDP, California","Round Valley CDP, California",36227887,30931,548,39.17737204365326,13.987666130065918
"0663168","SL160","Rouse CDP, California","Rouse CDP, California",617334,0,1462,6133.733923176441,0.23835399746894836
"0663218","SL160","Rowland Heights CDP, California","Rowland Heights CDP, California",33868441,20311,45911,3510.9069008789525,13.076678276062012
"0663302","SL160","Rumsey CDP, California","Rumsey CDP, California",6338948,218858,80,32.68666001265211,2.447481632232666
"0663316","SL160","Running Springs CDP, California","Running Springs CDP, California",10888685,23184,4917,1169.5600539474324,4.2041449546813965
"0663386","SL160","Ruth CDP, California","Ruth CDP, California",100658842,4347223,480,12.350571808089049,38.86459732055664
"0663400","SL160","Rutherford CDP, California","Rutherford CDP, California",4350420,10389,84,50.00873445750298,1.679706573486328
"0664000","SL160","Sacramento city, California","Sacramento city, California",255399993,5413141,528706,5361.559049521957,98.6104965209961
"0664056","SL160","Sage CDP, California","Sage CDP, California",176799322,15601,3781,55.38903867930897,68.26260375976562
"0664140","SL160","St. Helena city, California","St. Helena city, California",12832970,325922,5318,1073.2944680844512,4.954837799072266
"0664210","SL160","Salida CDP, California","Salida CDP, California",5741081,7060,13900,6270.741350317802,2.216643810272217
"0664224","SL160","Salinas city, California","Salinas city, California",60903234,83122,161761,6879.094042744962,23.514869689941406
"0664252","SL160","Salmon Creek CDP, California","Salmon Creek CDP, California",2885757,0,40,35.90029360528502,1.114197015762329
"0664294","SL160","Salton City CDP, California","Salton City CDP, California",55521880,0,5988,279.3285856745982,21.43711853027344
"0664308","SL160","Salton Sea Beach CDP, California","Salton Sea Beach CDP, California",780215,0,453,1503.7708340340964,0.3012427091598511
"0664378","SL160","Salyer CDP, California","Salyer CDP, California",13662482,113638,487,92.32027867297688,5.275114059448242
"0664392","SL160","Samoa CDP, California","Samoa CDP, California",2166605,0,151,180.50737360221052,0.8365309238433838
"0664420","SL160","San Andreas CDP, California","San Andreas CDP, California",21730446,41137,2979,355.0582751261035,8.390172004699707
"0664434","SL160","San Anselmo town, California","San Anselmo town, California",6928816,0,12679,4739.403847806007,2.6752309799194336
"0664462","SL160","San Antonio Heights CDP, California","San Antonio Heights CDP, California",6334954,417287,3458,1413.7716579780474,2.445939540863037
"0664476","SL160","San Ardo CDP, California","San Ardo CDP, California",1163657,0,462,1028.2879701601655,0.4492904841899872
"0665000","SL160","San Bernardino city, California","San Bernardino city, California",160920195,853495,222724,3584.7115688436165,62.13163757324219
"0665028","SL160","San Bruno city, California","San Bruno city, California",14215362,0,42307,7708.183819646092,5.488582134246826
"0665042","SL160","San Buenaventura (Ventura) city, California","San Buenaventura (Ventura) city, California",56681176,26953060,109857,5019.802493990926,21.88472557067871
"0665070","SL160","San Carlos city, California","San Carlos city, California",14016664,2037,29614,5472.051489836294,5.411864280700684
"0665084","SL160","San Clemente city, California","San Clemente city, California",47542789,1940302,63273,3446.922439432059,18.356374740600582
"0665112","SL160","Sand City city, California","Sand City city, California",1416996,6121647,404,738.4319524893116,0.5471052527427673
"0666000","SL160","San Diego city, California","San Diego city, California",844036546,120533495,1389526,4263.862470077945,325.88433837890625
"0666004","SL160","San Diego Country Estates CDP, California","San Diego Country Estates CDP, California",43471183,0,10223,609.0804188314371,16.784318923950195
"0666070","SL160","San Dimas city, California","San Dimas city, California",38933497,1009641,33789,2247.758683717835,15.032307624816896
"0666140","SL160","San Fernando city, California","San Fernando city, California",6149607,0,23632,9952.92854671977,2.3743765354156494
"0667000","SL160","San Francisco city, California","San Francisco city, California",121507089,479146790,830235,17696.89945970419,46.91415023803711
"0667042","SL160","San Gabriel city, California","San Gabriel city, California",10732387,1750,38392,9264.930665830168,4.143797874450684
"0667056","SL160","Sanger city, California","Sanger city, California",14937114,0,26699,4629.41451949118,5.767251968383789
"0667070","SL160","San Geronimo CDP, California","San Geronimo CDP, California",3906938,0,583,386.4824710305591,1.5084772109985352
"0667112","SL160","San Jacinto city, California","San Jacinto city, California",67229022,426797,55180,2125.801236027166,25.957271575927734
"0667126","SL160","San Joaquin city, California","San Joaquin city, California",3101203,0,3708,3096.7580085225923,1.1973812580108645
"0668000","SL160","San Jose city, California","San Jose city, California",461691712,8089813,990138,5554.454243580055,178.2601776123047
"0668014","SL160","San Juan Bautista city, California","San Juan Bautista city, California",2032272,1166,2033,2590.915812905143,0.7846646308898926
"0668028","SL160","San Juan Capistrano city, California","San Juan Capistrano city, California",37374655,0,35095,2432.012426602176,14.43043613433838
"0668084","SL160","San Leandro city, California","San Leandro city, California",34505967,5588957,87826,6592.143333439036,13.322829246520996
"0668112","SL160","San Lorenzo CDP, California","San Lorenzo CDP, California",7888217,53278,29171,9577.898601376157,3.0456576347351074
"0668140","SL160","San Lucas CDP, California","San Lucas CDP, California",1020818,0,134,339.98066168796925,0.3941400647163391
"0668154","SL160","San Luis Obispo city, California","San Luis Obispo city, California",34458922,379316,48491,3644.6618453466,13.30466365814209
"0668196","SL160","San Marcos city, California","San Marcos city, California",63078630,52493,94882,3895.823832353037,24.35479736328125
"0668224","SL160","San Marino city, California","San Marino city, California",9752762,16339,12216,3244.136802568382,3.7655625343322754
"0668238","SL160","San Martin CDP, California","San Martin CDP, California",30043758,0,6954,599.4848089027446,11.599960327148438
"0668252","SL160","San Mateo city, California","San Mateo city, California",31426840,9622102,103105,8497.218114259005,12.133971214294434
"0668263","SL160","San Miguel CDP (Contra Costa County), California","San Miguel CDP (Contra Costa County), California",2720210,0,3967,3777.0915344277473,1.0502790212631226
"0668266","SL160","San Miguel CDP (San Luis Obispo County), California","San Miguel CDP (San Luis Obispo County), California",4350219,0,3227,1921.2576473860536,1.6796289682388306
"0668294","SL160","San Pablo city, California","San Pablo city, California",6797163,0,31720,12086.574823468554,2.624399423599243
"0668308","SL160","San Pasqual CDP, California","San Pasqual CDP, California",659665,0,1918,7530.484197864561,0.25469809770584106
"0668364","SL160","San Rafael city, California","San Rafael city, California",42960192,15426850,60433,3643.390426151029,16.58702278137207
"0668378","SL160","San Ramon city, California","San Ramon city, California",48392897,88389,85993,4602.345643011672,18.68460273742676
"0668434","SL160","San Simeon CDP, California","San Simeon CDP, California",2063264,0,217,272.3972212707495,0.7966307401657104
"0669000","SL160","Santa Ana city, California","Santa Ana city, California",70807071,79932,312534,11431.899328742002,27.338764190673828
"0669070","SL160","Santa Barbara city, California","Santa Barbara city, California",50523520,58265316,87779,4499.8164102511955,19.507240295410156
"0669084","SL160","Santa Clara city, California","Santa Clara city, California",47336092,0,130256,7126.94001712553,18.276567459106445
"0669088","SL160","Santa Clarita city, California","Santa Clarita city, California",183249692,161052,230221,3253.864257515648,70.75310516357422
"0669112","SL160","Santa Cruz city, California","Santa Cruz city, California",32996599,7998548,61607,4835.691929587122,12.74005889892578
"0669154","SL160","Santa Fe Springs city, California","Santa Fe Springs city, California",22948086,101085,18871,2129.8361992804853,8.860305786132812
"0669182","SL160","Santa Margarita CDP, California","Santa Margarita CDP, California",1340019,0,1149,2220.7866628987335,0.5173842310905457
"0669196","SL160","Santa Maria city, California","Santa Maria city, California",59078451,1575636,110462,4842.633059000052,22.810317993164062
"0670000","SL160","Santa Monica city, California","Santa Monica city, California",21782142,22696935,91169,10840.376295590386,8.41013240814209
"0670028","SL160","Santa Nella CDP, California","Santa Nella CDP, California",12128897,0,2107,449.9258945342248,4.682993412017822
"0670042","SL160","Santa Paula city, California","Santa Paula city, California",14323012,423953,31376,5673.629467999166,5.53014612197876
"0670098","SL160","Santa Rosa city, California","Santa Rosa city, California",110145874,451570,177090,4164.123101680115,42.52756118774414
"0670130","SL160","Santa Rosa Valley CDP, California","Santa Rosa Valley CDP, California",18685063,0,2780,385.3434200667619,7.214344024658203
"0670140","SL160","Santa Susana CDP, California","Santa Susana CDP, California",3250193,0,1235,984.1370376270588,1.2549065351486206
"0670154","SL160","Santa Venetia CDP, California","Santa Venetia CDP, California",9489702,74911,3725,1016.649983631473,3.663994550704956
"0670182","SL160","Santa Ynez CDP, California","Santa Ynez CDP, California",12510425,17663,4467,924.7868517271382,4.8303022384643555
"0670224","SL160","Santee city, California","Santee city, California",42831662,470863,59332,3587.746715937977,16.537399291992188
"0670266","SL160","Saranap CDP, California","Saranap CDP, California",2939536,0,5662,4988.716586359576,1.1349612474441528
"0670280","SL160","Saratoga city, California","Saratoga city, California",33098915,0,30319,2372.459672975559,12.779563903808594
"0670322","SL160","Saticoy CDP, California","Saticoy CDP, California",968248,796,1518,4060.5318123819065,0.37384265661239624
"0670336","SL160","Sattley CDP, California","Sattley CDP, California",5302767,4699,0,0,2.047409772872925
"0670364","SL160","Sausalito city, California","Sausalito city, California",4568773,1276883,7141,4048.155714822963,1.764013171195984
"0670518","SL160","Scotia CDP, California","Scotia CDP, California",1932251,247386,405,542.8617465793371,0.7460463047027588
"0670588","SL160","Scotts Valley city, California","Scotts Valley city, California",11961717,0,12044,2607.8041872759104,4.618444919586182
"0670644","SL160","Seacliff CDP, California","Seacliff CDP, California",1890210,3151,3299,4520.32877342426,0.7298141717910767
"0670686","SL160","Seal Beach city, California","Seal Beach city, California",29185041,1378239,24722,2193.921305589423,11.268407821655272
"0670712","SL160","Sea Ranch CDP, California","Sea Ranch CDP, California",41742090,277559,1287,79.85500434448255,16.116710662841797
"0670728","SL160","Searles Valley CDP, California","Searles Valley CDP, California",27186893,0,1713,163.19076179705374,10.496917724609377
"0670742","SL160","Seaside city, California","Seaside city, California",23111409,355497,31814,3565.247110932703,8.923364639282227
"0670770","SL160","Sebastopol city, California","Sebastopol city, California",4874901,0,7445,3955.4568338541458,1.8822098970413208
"0670798","SL160","Seeley CDP, California","Seeley CDP, California",3660150,78319,1182,836.4044457255102,1.4131919145584106
"0670882","SL160","Selma city, California","Selma city, California",15041784,0,24659,4245.940239698373,5.8076653480529785
"0670966","SL160","Sequoia Crest CDP, California","Sequoia Crest CDP, California",2646709,0,54,52.84274091993077,1.0219000577926636
"0671000","SL160","Sereno del Mar CDP, California","Sereno del Mar CDP, California",1909750,0,101,136.97540915824126,0.7373586297035217
"0671078","SL160","Seville CDP, California","Seville CDP, California",712368,0,377,1370.6757001811673,0.27504682540893555
"0671106","SL160","Shafter city, California","Shafter city, California",100221604,0,21193,547.682490285262,38.695777893066406
"0671134","SL160","Shandon CDP, California","Shandon CDP, California",7639224,113009,1169,396.3355318826292,2.949521064758301
"0671218","SL160","Shasta CDP, California","Shasta CDP, California",28325227,11513,1387,126.82381370948612,10.936431884765623
"0671225","SL160","Shasta Lake city, California","Shasta Lake city, California",28290264,14724,10311,943.9772590534355,10.922932624816896
"0671246","SL160","Shaver Lake CDP, California","Shaver Lake CDP, California",83623481,5897217,371,11.490618625129937,32.287208557128906
"0671302","SL160","Sheep Ranch CDP, California","Sheep Ranch CDP, California",,,0,,
"0671362","SL160","Shell Ridge CDP, California","Shell Ridge CDP, California",1114550,0,746,1733.552565898299,0.43033018708229065
"0671372","SL160","Shelter Cove CDP, California","Shelter Cove CDP, California",15098010,0,543,93.14893345518117,5.829374313354492
"0671414","SL160","Sheridan CDP, California","Sheridan CDP, California",66129143,15380,1183,46.33291228533593,25.53260612487793
"0671554","SL160","Shingle Springs CDP, California","Shingle Springs CDP, California",21235230,99633,3801,463.59488031161624,8.198968887329102
"0671568","SL160","Shingletown CDP, California","Shingletown CDP, California",63570619,177508,2164,88.16547916932173,24.544754028320312
"0671680","SL160","Shoshone CDP, California","Shoshone CDP, California",74361294,618,18,0.6269361516144802,28.711057662963867
"0671774","SL160","Sierra Brooks CDP, California","Sierra Brooks CDP, California",3549115,0,397,289.71313272471383,1.3703210353851318
"0671778","SL160","Sierra City CDP, California","Sierra City CDP, California",5569937,728,250,116.24852565757696,2.1505649089813232
"0671806","SL160","Sierra Madre city, California","Sierra Madre city, California",7643251,10258,10940,3707.1226799725214,2.951075792312622
"0671834","SL160","Sierra Village CDP, California","Sierra Village CDP, California",6661587,9750,150,58.31916709468961,2.5720531940460205
"0671848","SL160","Sierraville CDP, California","Sierraville CDP, California",13002077,2127,351,69.91850589325051,5.020130157470703
"0671876","SL160","Signal Hill city, California","Signal Hill city, California",5670582,4445,11468,5237.9072309925505,2.1894240379333496
"0671918","SL160","Silverado CDP, California","Silverado CDP, California",14812702,0,972,169.95335393352013,5.719216346740723
"0671927","SL160","Silverado Resort CDP, California","Silverado Resort CDP, California",4896980,24818,892,471.77428591748424,1.8907346725463867
"0671932","SL160","Silver City CDP, California","Silver City CDP, California",302352,0,0,0,0.11673876643180849
"0671964","SL160","Silver Lakes CDP, California","Silver Lakes CDP, California",13560375,1158282,6977,1332.584596155314,5.235690116882324
"0672016","SL160","Simi Valley city, California","Simi Valley city, California",107601139,1831566,125634,3024.0438491968575,41.5450325012207
"0672086","SL160","Sisquoc CDP, California","Sisquoc CDP, California",5775123,10614,158,70.85876737400329,2.229787588119507
"0672156","SL160","Sky Valley CDP, California","Sky Valley CDP, California",62985642,0,2255,92.72625854659697,24.318893432617188
"0672184","SL160","Sleepy Hollow CDP, California","Sleepy Hollow CDP, California",7680833,0,3063,1032.8479977322154,2.965586423873902
"0672282","SL160","Smartsville CDP, California","Smartsville CDP, California",1856958,0,44,61.36890225526906,0.7169755101203918
"0672338","SL160","Smith Corner CDP, California","Smith Corner CDP, California",568644,0,718,3270.255769995872,0.21955469250679016
"0672380","SL160","Smith River CDP, California","Smith River CDP, California",11461740,38079,898,202.91938898850975,4.425402641296387
"0672408","SL160","Snelling CDP, California","Snelling CDP, California",1399517,13317,243,449.70304904905635,0.5403565764427185
"0672478","SL160","Soda Bay CDP, California","Soda Bay CDP, California",3327990,0,802,624.1516281866793,1.2849441766738892
"0672492","SL160","Soda Springs CDP, California","Soda Springs CDP, California",872163,0,150,445.44218180756167,0.3367440402507782
"0672506","SL160","Solana Beach city, California","Solana Beach city, California",8841642,270081,12823,3756.249917815647,3.413777112960815
"0672520","SL160","Soledad city, California","Soledad city, California",11551909,492321,26365,5911.147373679848,4.460216999053955
"0672576","SL160","Solvang city, California","Solvang city, California",6281307,3053,6034,2488.015332866175,2.4252262115478516
"0672632","SL160","Somis CDP, California","Somis CDP, California",8683406,0,1229,366.5722086787904,3.352681875228882
"0672646","SL160","Sonoma city, California","Sonoma city, California",7105863,0,10670,3889.066243798472,2.743589162826538
"0672654","SL160","Sonoma State University CDP, California","Sonoma State University CDP, California",1081020,0,2210,5294.882076079631,0.41738417744636536
"0672674","SL160","Sonora city, California","Sonora city, California",8190966,35507,4919,1555.390559375847,3.1625497341156006
"0672688","SL160","Soquel CDP, California","Soquel CDP, California",11905335,0,10679,2323.2005683029997,4.596675872802734
"0672772","SL160","Soulsbyville CDP, California","Soulsbyville CDP, California",7796211,15737,2101,697.9755760938431,3.010133981704712
"0672954","SL160","South Dos Palos CDP, California","South Dos Palos CDP, California",3984072,0,1102,716.3943551425075,1.5382589101791382
"0672996","SL160","South El Monte city, California","South El Monte city, California",7364933,14107,19287,6782.559631585262,2.8436167240142822
"0673080","SL160","South Gate city, California","South Gate city, California",18743139,303434,91483,12641.417957551892,7.236767292022705
"0673108","SL160","South Lake Tahoe city, California","South Lake Tahoe city, California",26387187,16684701,21269,2087.621320128615,10.188150405883787
"0673167","SL160","South Monrovia Island CDP, California","South Monrovia Island CDP, California",1419511,0,6830,12461.769189426564,0.5480762720108032
"0673178","SL160","South Oroville CDP, California","South Oroville CDP, California",6881705,0,2846,1071.1162027985438,2.657041311264038
"0673220","SL160","South Pasadena city, California","South Pasadena city, California",8828904,25721,26068,7647.133509784833,3.4088590145111084
"0673262","SL160","South San Francisco city, California","South San Francisco city, California",23835620,54315204,64305,6987.406947688965,9.202984809875488
"0673276","SL160","South San Gabriel CDP, California","South San Gabriel CDP, California",2160330,685,7923,9498.768642473651,0.8341081142425537
"0673290","SL160","South San Jose Hills CDP, California","South San Jose Hills CDP, California",3878864,0,16911,11291.781786608828,1.4976378679275513
"0673388","SL160","South Taft CDP, California","South Taft CDP, California",2786790,0,2939,2731.4490161889703,1.0759856700897217
"0673430","SL160","South Whittier CDP, California","South Whittier CDP, California",13824727,22815,55650,10425.727294621947,5.337757110595703
"0673554","SL160","Spaulding CDP, California","Spaulding CDP, California",8621924,0,369,110.84597891180876,3.3289434909820557
"0673612","SL160","Spreckels CDP, California","Spreckels CDP, California",316377,0,174,1424.433223065368,0.12215384840965272
"0673654","SL160","Spring Garden CDP, California","Spring Garden CDP, California",1692573,0,0,0,0.6535061001777649
"0673690","SL160","Spring Valley CDP (Lake County), California","Spring Valley CDP (Lake County), California",12780930,102405,853,172.8559486941137,4.934744834899902
"0673696","SL160","Spring Valley CDP (San Diego County), California","Spring Valley CDP (San Diego County), California",19015909,88959,31969,4354.2136506236575,7.34208345413208
"0673700","SL160","Spring Valley Lake CDP, California","Spring Valley Lake CDP, California",7833090,885216,9483,3135.5258855637385,3.0243730545043945
"0673710","SL160","Springville CDP, California","Springville CDP, California",3933608,35439,514,338.4307258678197,1.5187746286392212
"0673794","SL160","Squaw Valley CDP, California","Squaw Valley CDP, California",164758384,142813,3361,52.83463792933474,63.61357116699219
"0673815","SL160","Squirrel Mountain Valley CDP, California","Squirrel Mountain Valley CDP, California",4663884,0,1108,615.3040629919925,1.8007357120513916
"0673868","SL160","Stallion Springs CDP, California","Stallion Springs CDP, California",35163160,63046,2937,216.3285334124563,13.57657241821289
"0673906","SL160","Stanford CDP, California","Stanford CDP, California",7123691,117653,18662,6785.015916516864,2.7504725456237793
"0673962","SL160","Stanton city, California","Stanton city, California",8031388,0,39402,12706.484350086535,3.1009364128112793
"0674021","SL160","Stebbins CDP, California","Stebbins CDP, California",2588072,0,967,967.7158709570436,0.9992602467536926
"0674130","SL160","Stevenson Ranch CDP, California","Stevenson Ranch CDP, California",16607591,2399,20990,3273.433628693693,6.412227153778076
"0674144","SL160","Stevinson CDP, California","Stevinson CDP, California",2927390,0,144,127.40299824730636,1.1302716732025146
"0674172","SL160","Stinson Beach CDP, California","Stinson Beach CDP, California",2311064,0,255,285.77612726425605,0.8923068642616272
"0674186","SL160","Stirling City CDP, California","Stirling City CDP, California",3048650,2150,344,292.24603150650944,1.177090406417847
"0675000","SL160","Stockton city, California","Stockton city, California",161115474,7956195,322326,5181.503983669546,62.207035064697266
"0675122","SL160","Stones Landing CDP, California","Stones Landing CDP, California",5494204,0,85,40.06931402359185,2.121324062347412
"0675154","SL160","Stonyford CDP, California","Stonyford CDP, California",3636119,0,111,79.06470032810049,1.403913497924805
"0675252","SL160","Stratford CDP, California","Stratford CDP, California",1805595,0,973,1395.69413151589,0.6971441507339478
"0675280","SL160","Strathmore CDP, California","Strathmore CDP, California",3655054,0,2675,1895.5173194724505,1.4112242460250854
"0675315","SL160","Strawberry CDP (Marin County), California","Strawberry CDP (Marin County), California",3445619,1506465,5830,4382.269145081079,1.330361008644104
"0675322","SL160","Strawberry CDP (Tuolumne County), California","Strawberry CDP (Tuolumne County), California",1350627,21432,56,107.38666379852378,0.5214800238609314
"0675592","SL160","Sugarloaf Saw Mill CDP, California","Sugarloaf Saw Mill CDP, California",252263,0,0,0,0.09739929437637328
"0675596","SL160","Sugarloaf Village CDP, California","Sugarloaf Village CDP, California",173648,0,0,0,0.06704586744308472
"0675630","SL160","Suisun City city, California","Suisun City city, California",10373861,156438,29286,7311.683808439892,4.005370140075684
"0675672","SL160","Sultana CDP, California","Sultana CDP, California",972824,0,783,2084.6120468490867,0.3756094574928284
"0675714","SL160","Summerland CDP, California","Summerland CDP, California",3618069,15510365,1348,964.9633238889412,1.396944284439087
"0675994","SL160","Sunnyside CDP, California","Sunnyside CDP, California",4954935,0,4639,2424.8459661248453,1.9131112098693848
"0676015","SL160","Sunnyside-Tahoe City CDP, California","Sunnyside-Tahoe City CDP, California",9016274,858519,1599,459.3239646210482,3.481203079223633
"0676040","SL160","Sunny Slopes CDP, California","Sunny Slopes CDP, California",4879001,0,323,171.46258694881791,1.8837928771972656
"0677000","SL160","Sunnyvale city, California","Sunnyvale city, California",57135716,1858933,154236,6991.587949103187,22.060224533081055
"0677042","SL160","Sunol CDP, California","Sunol CDP, California",73192610,864654,847,29.97187729962304,28.259824752807617
"0677308","SL160","Sun Village CDP, California","Sun Village CDP, California",27981975,1222,11036,1021.4828248789448,10.80390167236328
"0677364","SL160","Susanville city, California","Susanville city, California",20507839,218688,14177,1790.4498480473794,7.918121814727783
"0677378","SL160","Sutter CDP, California","Sutter CDP, California",7835375,0,2532,836.9541180317415,3.0252554416656494
"0677392","SL160","Sutter Creek city, California","Sutter Creek city, California",6988164,0,2702,1001.42861480261,2.6981453895568848
"0677430","SL160","Swall Meadows CDP, California","Swall Meadows CDP, California",11555635,0,335,75.0842352649472,4.461655616760254
"0677574","SL160","Taft city, California","Taft city, California",39552120,0,7125,466.5657609696539,15.271159172058104
"0677588","SL160","Taft Heights CDP, California","Taft Heights CDP, California",766308,0,1291,4363.355728431624,0.2958731949329376
"0677595","SL160","Taft Mosswood CDP, California","Taft Mosswood CDP, California",1205538,33968,1343,2885.312562450883,0.4654608368873596
"0677700","SL160","Tahoe Vista CDP, California","Tahoe Vista CDP, California",7033550,359834,1048,385.90860378982507,2.7156689167022705
"0677728","SL160","Tahoma CDP, California","Tahoma CDP, California",6717203,529924,873,336.60730504827205,2.593526601791382
"0677784","SL160","Talmage CDP, California","Talmage CDP, California",4117638,4089,1128,709.5102823449595,1.5898289680480957
"0677805","SL160","Tamalpais-Homestead Valley CDP, California","Tamalpais-Homestead Valley CDP, California",12135246,159394,12085,2579.264175272158,4.6854448318481445
"0677860","SL160","Tancred CDP, California","Tancred CDP, California",4172360,0,68,42.21092730489802,1.6109572649002075
"0677924","SL160","Tara Hills CDP, California","Tara Hills CDP, California",1727037,0,4840,7258.409850275237,0.6668127179145813
"0677934","SL160","Tarina CDP, California","Tarina CDP, California",11542573,0,0,0,4.456612586975098
"0677960","SL160","Tarpey Village CDP, California","Tarpey Village CDP, California",2043494,0,3106,3936.6412604012894,0.78899747133255
"0678008","SL160","Taylorsville CDP, California","Taylorsville CDP, California",8409829,0,0,0,3.247053384780884
"0678050","SL160","Tecopa CDP, California","Tecopa CDP, California",48145645,177237,201,10.812766017700277,18.58913803100586
"0678092","SL160","Tehachapi city, California","Tehachapi city, California",26563140,250130,11946,1164.7717845703564,10.256086349487305
"0678106","SL160","Tehama city, California","Tehama city, California",2057210,0,366,460.7869752657018,0.7942932844161987
"0678120","SL160","Temecula city, California","Temecula city, California",96522049,24934,111167,2982.9578433433803,37.267372131347656
"0678126","SL160","Temelec CDP, California","Temelec CDP, California",4112404,0,1628,1025.312798828785,1.5878081321716309
"0678138","SL160","Temescal Valley CDP, California","Temescal Valley CDP, California",50094238,92242,30069,1554.6367641719148,19.341495513916016
"0678148","SL160","Temple City city, California","Temple City city, California",10370555,0,35430,8848.444398026817,4.004093647003174
"0678162","SL160","Templeton CDP, California","Templeton CDP, California",20484545,0,9580,1211.2588775509157,7.90912675857544
"0678176","SL160","Tennant CDP, California","Tennant CDP, California",878560,1194,71,209.3074374209891,0.33921393752098083
"0678232","SL160","Terminous CDP, California","Terminous CDP, California",2531348,0,365,373.4554049940835,0.9773589968681335
"0678288","SL160","Terra Bella CDP, California","Terra Bella CDP, California",5668356,0,1659,758.0311069060914,2.1885645389556885
"0678336","SL160","Teviston CDP, California","Teviston CDP, California",5657720,0,1182,541.0953154569261,2.184458017349243
"0678456","SL160","Thermal CDP, California","Thermal CDP, California",24303229,0,1800,191.82547129158203,9.383529663085938
"0678470","SL160","Thermalito CDP, California","Thermalito CDP, California",32965416,434050,6720,527.9690520852416,12.728018760681152
"0678568","SL160","Thornton CDP, California","Thornton CDP, California",5524658,130915,817,383.0138038242964,2.133082389831543
"0678582","SL160","Thousand Oaks city, California","Thousand Oaks city, California",143114080,375961,125205,2265.8808476320073,55.25665664672851
"0678596","SL160","Thousand Palms CDP, California","Thousand Palms CDP, California",61230208,0,7720,326.54971288659704,23.641117095947266
"0678638","SL160","Three Rivers CDP, California","Three Rivers CDP, California",80245468,268932,2282,73.65340756796822,30.98295211791992
"0678652","SL160","Three Rocks CDP, California","Three Rocks CDP, California",1941449,0,162,216.11593362108408,0.7495976686477661
"0678666","SL160","Tiburon town, California","Tiburon town, California",11603822,22626730,9012,2011.4900234019751,4.480260848999023
"0678715","SL160","Timber Cove CDP, California","Timber Cove CDP, California",14637533,0,199,35.211372308111834,5.651583194732666
"0678750","SL160","Tipton CDP, California","Tipton CDP, California",4471210,0,2851,1651.4670392584478,1.726343870162964
"0678792","SL160","Tobin CDP, California","Tobin CDP, California",13367665,0,0,0,5.161284446716309
"0678890","SL160","Tomales CDP, California","Tomales CDP, California",859286,0,168,506.3715279362238,0.33177220821380615
"0678932","SL160","Tonyville CDP, California","Tonyville CDP, California",130784,0,433,8574.93902380635,0.05049598589539528
"0678949","SL160","Tooleville CDP, California","Tooleville CDP, California",172928,0,54,808.7721363313211,0.06676787883043289
"0678960","SL160","Topanga CDP, California","Topanga CDP, California",49538336,19528,8885,464.5299937185773,19.126859664916992
"0679030","SL160","Topaz CDP, California","Topaz CDP, California",31537286,3359715,157,12.893567143004608,12.17661476135254
"0679529","SL160","Toro Canyon CDP, California","Toro Canyon CDP, California",24312959,11403119,1477,157.34045182481782,9.387287139892578
"0680000","SL160","Torrance city, California","Torrance city, California",53141224,10608735,142130,6927.107846933123,20.517942428588867
"0680210","SL160","Trabuco Canyon CDP, California","Trabuco Canyon CDP, California",18861606,0,1326,182.0801559715997,7.282506942749023
"0680238","SL160","Tracy city, California","Tracy city, California",67052560,351998,96966,3745.431601375193,25.88913917541504
"0680266","SL160","Tranquillity CDP, California","Tranquillity CDP, California",1599152,0,639,1034.9249911524996,0.6174360513687134
"0680280","SL160","Traver CDP, California","Traver CDP, California",1735180,0,382,570.1860658652497,0.6699567437171936
"0680364","SL160","Tres Pinos CDP, California","Tres Pinos CDP, California",9327895,0,901,250.1721121428806,3.601520538330078
"0680448","SL160","Trinidad city, California","Trinidad city, California",1255850,482188,347,715.6315260249361,0.4848864078521729
"0680476","SL160","Trinity Center CDP, California","Trinity Center CDP, California",13547616,0,414,79.14713929916269,5.230763912200928
"0680483","SL160","Trinity Village CDP, California","Trinity Village CDP, California",10394620,0,209,52.07573771080018,4.01338529586792
"0680515","SL160","Trona CDP, California","Trona CDP, California",24076929,2011,0,0,9.296154022216797
"0680560","SL160","Trowbridge CDP, California","Trowbridge CDP, California",17560536,0,243,35.839854887418824,6.780161380767822
"0680588","SL160","Truckee town, California","Truckee town, California",83740315,3448642,17066,527.8310185455565,32.33231735229492
"0680644","SL160","Tulare city, California","Tulare city, California",52798082,197854,70945,3480.1775511611363,20.385454177856445
"0680686","SL160","Tulelake city, California","Tulelake city, California",1061321,6167,925,2257.3178529558077,0.409778356552124
"0680763","SL160","Tuolumne City CDP, California","Tuolumne City CDP, California",6101298,7243,1148,487.3235730860723,2.355724334716797
"0680784","SL160","Tupman CDP, California","Tupman CDP, California",1367277,0,157,297.39995350484605,0.5279086232185364
"0680812","SL160","Turlock city, California","Turlock city, California",43783169,69528,72502,4288.847224706027,16.904775619506836
"0680854","SL160","Tustin city, California","Tustin city, California",28906972,0,78981,7076.487862298222,11.16104507446289
"0680882","SL160","Tuttle CDP, California","Tuttle CDP, California",4555442,0,73,41.50401282651362,1.7588660717010498
"0680896","SL160","Tuttletown CDP, California","Tuttletown CDP, California",19038413,16981,440,59.85765538700935,7.350772380828857
"0680952","SL160","Twain CDP, California","Twain CDP, California",18622693,0,31,4.311386801522003,7.1902618408203125
"0680966","SL160","Twain Harte CDP, California","Twain Harte CDP, California",9579417,49580,2372,641.317905777495,3.6986336708068848
"0680994","SL160","Twentynine Palms city, California","Twentynine Palms city, California",152157672,0,27355,465.629659008105,58.74840545654297
"0681048","SL160","Twin Lakes CDP (Mono County), California","Twin Lakes CDP (Mono County), California",10798571,2717491,0,0,4.169351577758789
"0681050","SL160","Twin Lakes CDP (Santa Cruz County), California","Twin Lakes CDP (Santa Cruz County), California",1789855,1346290,5073,7340.823077511569,0.6910669207572937
"0681134","SL160","Ukiah city, California","Ukiah city, California",12390978,116878,16304,3407.896037539519,4.784183502197266
"0681204","SL160","Union City city, California","Union City city, California",49682931,0,67464,3516.921134627915,19.182687759399418
"0681302","SL160","University of California-Davis CDP, California","University of California-Davis CDP, California",4473488,0,8696,5034.670106149492,1.7272233963012695
"0681312","SL160","University of California-Merced CDP, California","University of California-Merced CDP, California",1689900,20798,724,1109.622681104384,0.652474045753479
"0681316","SL160","University of California-Santa Barbara CDP, California","University of California-Santa Barbara CDP, California",3363537,300642,12121,9333.40226114774,1.2986689805984497
"0681344","SL160","Upland city, California","Upland city, California",40363418,86983,79257,5085.661594263072,15.584403038024902
"0681358","SL160","Upper Lake CDP, California","Upper Lake CDP, California",4439947,21212,1374,801.5058442879688,1.71427321434021
"0681554","SL160","Vacaville city, California","Vacaville city, California",77363273,600053,102596,3434.736013916243,29.870126724243164
"0681638","SL160","Valinda CDP, California","Valinda CDP, California",5213065,0,20962,10414.47411211755,2.0127756595611572
"0681652","SL160","Vallecito CDP, California","Vallecito CDP, California",5406010,0,562,269.2509433268294,2.0872721672058105
"0681666","SL160","Vallejo city, California","Vallejo city, California",78788150,46317409,124268,4085.038458495104,30.420276641845703
"0681708","SL160","Valle Vista CDP, California","Valle Vista CDP, California",17771963,539552,18602,2710.9528519533224,6.8617939949035645
"0681722","SL160","Valley Acres CDP, California","Valley Acres CDP, California",10677289,0,595,144.32903081708636,4.122524738311768
"0681736","SL160","Valley Center CDP, California","Valley Center CDP, California",71083460,0,11119,405.13051347616226,27.445476531982425
"0681778","SL160","Valley Ford CDP, California","Valley Ford CDP, California",6842484,0,0,0,2.6418979167938232
"0681792","SL160","Valley Home CDP, California","Valley Home CDP, California",2977464,0,328,285.31532288604615,1.1496052742004397
"0681869","SL160","Valley Ranch CDP, California","Valley Ranch CDP, California",2945415,0,46,40.44912202433053,1.1372311115264893
"0681890","SL160","Valley Springs CDP, California","Valley Springs CDP, California",10344077,0,910,227.84913692546365,3.993870735168457
"0681925","SL160","Valley Wells CDP, California","Valley Wells CDP, California",27631920,177128,0,0,10.668744087219238
"0681967","SL160","Val Verde CDP, California","Val Verde CDP, California",6644174,0,3291,1282.87587304343,2.5653300285339355
"0682072","SL160","Vandenberg AFB CDP, California","Vandenberg AFB CDP, California",57997811,225536,3477,155.27117044495157,22.393081665039062
"0682086","SL160","Vandenberg Village CDP, California","Vandenberg Village CDP, California",13649867,1339,6776,1285.7091758688823,5.270243167877197
"0682334","SL160","Verdi CDP, California","Verdi CDP, California",10808119,34863,70,16.774348065747844,4.173038482666016
"0682422","SL160","Vernon city, California","Vernon city, California",12884476,476377,331,66.53635066410563,4.974724292755127
"0682562","SL160","Victor CDP, California","Victor CDP, California",3270556,0,460,364.2788924476761,1.2627687454223633
"0682590","SL160","Victorville city, California","Victorville city, California",190908178,744967,137627,1867.1399775910656,73.7100601196289
"0682667","SL160","View Park-Windsor Hills CDP, California","View Park-Windsor Hills CDP, California",4768647,1987,11230,6099.332853738422,1.841184973716736
"0682744","SL160","Villa Park city, California","Villa Park city, California",5380384,237,5748,2766.9494450632405,2.077378034591675
"0682786","SL160","Vina CDP, California","Vina CDP, California",3501362,0,243,179.74921248514497,1.3518835306167605
"0682815","SL160","Vincent CDP, California","Vincent CDP, California",3814588,0,15340,10415.388232505991,1.47282075881958
"0682842","SL160","Vine Hill CDP, California","Vine Hill CDP, California",3890261,0,3540,2356.797520001968,1.5020382404327393
"0682852","SL160","Vineyard CDP, California","Vineyard CDP, California",48558204,0,43751,2333.58227130041,18.74842834472656
"0682929","SL160","Virginia Lakes CDP, California","Virginia Lakes CDP, California",3741522,216444,0,0,1.444609761238098
"0682954","SL160","Visalia city, California","Visalia city, California",98250380,51434,143939,3794.389922077368,37.934688568115234
"0682996","SL160","Vista city, California","Vista city, California",48556164,0,99114,5286.745253080044,18.74764060974121
"0683085","SL160","Vista Santa Rosa CDP, California","Vista Santa Rosa CDP, California",41629806,32133,2333,145.1470142228573,16.0733585357666
"0683094","SL160","Volcano CDP, California","Volcano CDP, California",3626954,0,177,126.39473644559403,1.4003747701644895
"0683108","SL160","Volta CDP, California","Volta CDP, California",11318388,165270,268,61.326469873213085,4.370054244995117
"0683262","SL160","Walker CDP, California","Walker CDP, California",31473072,0,524,43.12110868939425,12.15182113647461
"0683304","SL160","Wallace CDP, California","Wallace CDP, California",11114771,6972905,714,166.37782989747768,4.291437149047852
"0683332","SL160","Walnut city, California","Walnut city, California",23281857,9650,27611,3071.5833747531915,8.989174842834473
"0683346","SL160","Walnut Creek city, California","Walnut Creek city, California",51179061,31195,70088,3546.901553187842,19.760345458984375
"0683374","SL160","Walnut Grove CDP, California","Walnut Grove CDP, California",26419421,1883606,926,90.77901066743954,10.20059585571289
"0683402","SL160","Walnut Park CDP, California","Walnut Park CDP, California",1940966,0,14958,19959.6705844962,0.7494111657142639
"0683460","SL160","Warm Springs CDP, California","Warm Springs CDP, California",3661985,0,1673,1183.2516838866247,1.413900375366211
"0683494","SL160","Warner Valley CDP, California","Warner Valley CDP, California",45059297,74958,0,0,17.397491455078125
"0683542","SL160","Wasco city, California","Wasco city, California",24313382,0,26558,2829.0965151053683,9.387449264526367
"0683570","SL160","Washington CDP, California","Washington CDP, California",4922969,0,129,67.86726862653582,1.9007689952850344
"0683612","SL160","Waterford city, California","Waterford city, California",6108059,63331,9204,3902.753790120136,2.35833477973938
"0683626","SL160","Waterloo CDP, California","Waterloo CDP, California",14076382,0,894,164.4917889389207,5.434921741485596
"0683668","SL160","Watsonville city, California","Watsonville city, California",17370216,247360,51712,7710.523300659143,6.70667839050293
"0683724","SL160","Waukena CDP, California","Waukena CDP, California",907531,0,62,176.94078935226077,0.3503997027873993
"0683730","SL160","Wautec CDP, California","Wautec CDP, California",5973832,0,6,2.601333319275326,2.306509494781494
"0683766","SL160","Wawona CDP, California","Wawona CDP, California",2786953,0,125,116.16575546582028,1.0760486125946045
"0683794","SL160","Weaverville CDP, California","Weaverville CDP, California",33363065,0,4018,311.91894270988263,12.881551742553713
"0683850","SL160","Weed city, California","Weed city, California",12479111,13340,2737,568.0530415933538,4.818212032318115
"0683863","SL160","Weedpatch CDP, California","Weedpatch CDP, California",9212054,11548,2685,754.8932758718232,3.5567941665649414
"0683906","SL160","Weitchpec CDP, California","Weitchpec CDP, California",9919744,145898,104,27.153800749860093,3.830034732818603
"0683948","SL160","Weldon CDP, California","Weldon CDP, California",69057891,391674,2493,93.4989513424169,26.663400650024418
"0684004","SL160","Weott CDP, California","Weott CDP, California",1946274,48591,81,107.79008071201262,0.751460611820221
"0684116","SL160","West Athens CDP, California","West Athens CDP, California",3462635,0,8726,6526.889451964687,1.3369308710098269
"0684120","SL160","West Bishop CDP, California","West Bishop CDP, California",22684470,2788,2551,291.2591545035446,8.758522987365723
"0684144","SL160","West Carson CDP, California","West Carson CDP, California",5868541,33313,22143,9772.46350623142,2.2658565044403076
"0684200","SL160","West Covina city, California","West Covina city, California",41535627,124504,107037,6674.379315426192,16.036996841430664
"0684345","SL160","West Goshen CDP, California","West Goshen CDP, California",1734524,0,535,798.8610080671001,0.669703483581543
"0684385","SL160","Westhaven-Moonstone CDP, California","Westhaven-Moonstone CDP, California",20963594,70662,1537,189.89164852576823,8.09408950805664
"0684410","SL160","West Hollywood city, California","West Hollywood city, California",4888623,0,34884,18481.511899152963,1.8875079154968264
"0684438","SL160","Westlake Village city, California","Westlake Village city, California",13434930,828670,7743,1492.6967571892503,5.187255859375
"0684480","SL160","Westley CDP, California","Westley CDP, California",879991,0,572,1683.509399359862,0.3397664427757263
"0684536","SL160","West Menlo Park CDP, California","West Menlo Park CDP, California",1256177,0,3634,7492.587611959329,0.4850126802921295
"0684550","SL160","Westminster city, California","Westminster city, California",25999277,0,89860,8951.646438186734,10.038376808166504
"0684578","SL160","West Modesto CDP, California","West Modesto CDP, California",3575972,37065,5978,4329.717396334611,1.380690574645996
"0684592","SL160","Westmont CDP, California","Westmont CDP, California",4784057,0,34123,18473.47549960019,1.8471348285675049
"0684606","SL160","Westmorland city, California","Westmorland city, California",1528294,0,1844,3125.0125056313927,0.5900776386260986
"0684680","SL160","West Park CDP, California","West Park CDP, California",4640398,0,1136,634.0461038248592,1.7916678190231323
"0684732","SL160","West Point CDP, California","West Point CDP, California",7677757,0,909,306.6389226795256,2.9643986225128174
"0684774","SL160","West Puente Valley CDP, California","West Puente Valley CDP, California",4842002,2700,22495,12032.580443787068,1.8695075511932373
"0684780","SL160","West Rancho Dominguez CDP, California","West Rancho Dominguez CDP, California",10291799,13545,23300,5863.573548134209,3.973685979843139
"0684816","SL160","West Sacramento city, California","West Sacramento city, California",55606617,3446736,54927,2558.333554037858,21.46983528137207
"0684863","SL160","Westside CDP, California","Westside CDP, California",5740778,0,234,105.57056221998394,2.216526985168457
"0684921","SL160","West Whittier-Los Nietos CDP, California","West Whittier-Los Nietos CDP, California",6527742,0,25615,10163.168186532095,2.520375490188598
"0684928","SL160","Westwood CDP, California","Westwood CDP, California",14392892,182548,1063,191.28589291015896,5.557126998901367
"0685012","SL160","Wheatland city, California","Wheatland city, California",21035375,17378,3876,477.2338616791343,8.121804237365723
"0685086","SL160","Whitehawk CDP, California","Whitehawk CDP, California",6693778,0,39,15.090063342565715,2.584482192993164
"0685208","SL160","Whitewater CDP, California","Whitewater CDP, California",25581193,0,1181,119.57127577923433,9.876954078674316
"0685222","SL160","Whitley Gardens CDP, California","Whitley Gardens CDP, California",3396918,28851,244,186.0383676231744,1.311557412147522
"0685250","SL160","Whitmore CDP, California","Whitmore CDP, California",16909590,14380,207,31.705529702566793,6.528829574584961
"0685292","SL160","Whittier city, California","Whittier city, California",37939345,32427,86165,5882.186993551509,14.648463249206545
"0685446","SL160","Wildomar city, California","Wildomar city, California",61393217,0,37277,1572.6002054595397,23.70405387878418
"0685551","SL160","Wilkerson CDP, California","Wilkerson CDP, California",14833037,1906,518,90.44767842090592,5.727067947387695
"0685586","SL160","Williams city, California","Williams city, California",12806225,0,5585,1129.5352630125276,4.944511413574219
"0685587","SL160","Williams Canyon CDP, California","Williams Canyon CDP, California",1465500,0,73,129.01339141342478,0.5658327341079712
"0685600","SL160","Willits city, California","Willits city, California",7296486,1546,4920,1746.421564794212,2.8171892166137695
"0685614","SL160","Willowbrook CDP, California","Willowbrook CDP, California",4341865,7356,21681,12933.043690923474,1.676403522491455
"0685642","SL160","Willow Creek CDP, California","Willow Creek CDP, California",78501415,777004,1076,35.500340539891184,30.309568405151367
"0685684","SL160","Willows city, California","Willows city, California",7344419,31054,6190,2182.8854429023863,2.835696220397949
"0685810","SL160","Wilseyville CDP, California","Wilseyville CDP, California",,,798,,
"0685866","SL160","Wilsonia CDP, California","Wilsonia CDP, California",705824,0,31,113.75304201761544,0.27252018451690674
"0685880","SL160","Wilton CDP, California","Wilton CDP, California",75115869,0,6433,221.8092192415024,29.00240135192871
"0685894","SL160","Winchester CDP, California","Winchester CDP, California",20745739,0,4555,568.665913884731,8.00997543334961
"0685922","SL160","Windsor town, California","Windsor town, California",19260063,60261,26081,3507.2300827654117,7.436352729797363
"0685992","SL160","Winter Gardens CDP, California","Winter Gardens CDP, California",11447561,1027,22131,5007.0950545032665,4.419928073883057
"0686020","SL160","Winterhaven CDP, California","Winterhaven CDP, California",630958,0,234,960.5349189133112,0.24361425638198853
"0686034","SL160","Winters city, California","Winters city, California",7601165,64542,7583,2583.7985057785195,2.934826374053955
"0686076","SL160","Winton CDP, California","Winton CDP, California",7875727,0,11797,3879.526026117852,3.040835380554199
"0686174","SL160","Wofford Heights CDP, California","Wofford Heights CDP, California",16579394,460,2656,414.91312705951464,6.401340007781982
"0686216","SL160","Woodacre CDP, California","Woodacre CDP, California",4653150,0,1627,905.6038601543372,1.7965912818908691
"0686230","SL160","Woodbridge CDP, California","Woodbridge CDP, California",7806489,276560,4144,1374.87031593422,3.0141024589538574
"0686244","SL160","Woodcrest CDP, California","Woodcrest CDP, California",29461909,0,17368,1526.815924447223,11.375307083129885
"0686300","SL160","Woodlake city, California","Woodlake city, California",6770314,1178472,7702,2946.405056015346,2.6140329837799072
"0686328","SL160","Woodland city, California","Woodland city, California",39665023,0,61854,4038.8510055091074,15.314751625061035
"0686380","SL160","Woodlands CDP, California","Woodlands CDP, California",4279720,0,2061,1247.2697471751258,1.6524091958999634
"0686440","SL160","Woodside town, California","Woodside town, California",29697449,0,5126,447.05114913341953,11.466249465942385
"0686482","SL160","Woodville CDP, California","Woodville CDP, California",2584379,0,1460,1463.1687482176865,0.997834324836731
"0686489","SL160","Woodville Farm Labor Camp CDP, California","Woodville Farm Labor Camp CDP, California",491823,0,468,2464.5337382016933,0.1898939311504364
"0686496","SL160","Woody CDP, California","Woody CDP, California",10453539,0,74,18.334375306800126,4.036134243011475
"0686594","SL160","Wrightwood CDP, California","Wrightwood CDP, California",15414197,8669,5067,851.3884253526891,5.951455116271973
"0686678","SL160","Yankee Hill CDP, California","Yankee Hill CDP, California",15609188,0,232,38.49509719643013,6.0267415046691895
"0686720","SL160","Yermo CDP, California","Yermo CDP, California",1680240,12788,958,1476.698807180073,0.6487443447113037
"0686734","SL160","Yettem CDP, California","Yettem CDP, California",284865,0,0,0,0.10998699814081192
"0686804","SL160","Yolo CDP, California","Yolo CDP, California",3556737,0,800,582.5537519318958,1.3732638359069824
"0686832","SL160","Yorba Linda city, California","Yorba Linda city, California",51679911,52602,67170,3366.288613132783,19.953725814819336
"0686878","SL160","Yosemite Lakes CDP, California","Yosemite Lakes CDP, California",54136050,250537,5288,252.98958525342255,20.90204620361328
"0686912","SL160","Yosemite Valley CDP, California","Yosemite Valley CDP, California",5330276,158738,1991,967.4295093331702,2.0580310821533203
"0686916","SL160","Yosemite West CDP, California","Yosemite West CDP, California",708714,0,31,113.28918160153547,0.27363601326942444
"0686930","SL160","Yountville city, California","Yountville city, California",3852452,6876,3348,2250.8469276665805,1.4874401092529297
"0686944","SL160","Yreka city, California","Yreka city, California",25861889,188154,7820,783.1487589895265,9.985331535339355
"0686972","SL160","Yuba City city, California","Yuba City city, California",38797488,201005,69471,4637.647064485885,14.9797945022583
"0687042","SL160","Yucaipa city, California","Yucaipa city, California",73216674,0,54421,1925.1044518923552,28.269115447998047
"0687056","SL160","Yucca Valley town, California","Yucca Valley town, California",103161847,0,21770,546.5590380503265,39.83101272583008
"0687090","SL160","Zayante CDP, California","Zayante CDP, California",7308969,0,399,141.38864244024958,2.8220088481903076
